time,x,y,z,qx,qy,qz,qw
1744507475.6152024,-4.350298327569722e-34,9.614990693278327e-32,0.0,-2.1940014306848248e-23,1.4889438472449266e-25,0.9999769729734693,0.006786274590466343
1744507475.6413107,6.220956694354533e-05,-8.443924370279406e-07,0.0,-8.764374691065984e-08,3.219290705353025e-07,0.9999769729908076,0.006786272027452051
1744507475.6597888,0.0002549156434214138,-3.46008506992666e-06,0.0,-8.76144732571253e-08,3.1365912626713494e-07,0.9999769729903917,0.006786272089113529
1744507475.6854646,0.0005781269077433182,-7.847187593523036e-06,0.0,-8.767060474954869e-08,3.0542959542173904e-07,0.9999769729899658,0.006786272152234251
1744507475.7053354,0.001031839963165584,-1.4005653872309342e-05,0.0,-8.772667994508347e-08,2.9721888156004027e-07,0.9999769729895215,0.006786272218097381
1744507475.72777,0.0016160500285135073,-2.1935419020118166e-05,0.0,-8.777969278795046e-08,2.89002616019077e-07,0.9999769729890825,0.006786272283076129
1744507475.7476902,0.002330750938383798,-3.16363993812905e-05,0.0,-8.783414320036952e-08,2.8077387839066036e-07,0.9999769729886624,0.006786272345356207
1744507475.7676353,0.0031759351434062573,-4.310849253303902e-05,0.0,-8.789144736187886e-08,2.725391739524132e-07,0.9999769729882301,0.006786272409404164
1744507475.7912548,0.004151593710563876,-5.6351577249041966e-05,0.0,-8.794677239999825e-08,2.643061281473333e-07,0.9999769729877805,0.006786272475972269
1744507475.8117344,0.005257716323570254,-7.1365513500753e-05,0.0,-8.799968384186134e-08,2.560769767600075e-07,0.9999769729873471,0.006786272540158781
1744507475.8313806,0.0064942912833047,-8.815014251316096e-05,0.0,-8.805506716737782e-08,2.4784974543525133e-07,0.9999769729869286,0.006786272602133111
1744507475.8545659,0.00786130550830707,-0.00010670528677837461,0.0,-8.81122964727889e-08,2.3962202190150145e-07,0.9999769729864919,0.006786272666771694
1744507475.8745203,0.009358744535332825,-0.0001270307500136227,0.0,-8.816664424654264e-08,2.3139305417849213e-07,0.9999769729860449,0.0067862727329077105
1744507475.8944087,0.010986592519966127,-0.00014912631716438134,0.0,-8.8219779329474e-08,2.2316347323792768e-07,0.9999769729856189,0.006786272795940504
1744507475.9189553,0.012744832237289849,-0.0001729917544562952,0.0,-8.827606401860821e-08,2.1493406524531086e-07,0.9999769729851996,0.00678627285801653
1744507475.9398808,0.014633445082613957,-0.00019862680940278897,0.0,-8.833287215384007e-08,2.0670504435289322e-07,0.9999769729847588,0.006786272923229749
1744507475.959191,0.01665241107226345,-0.0002260312107761028,0.0,-8.83864088472271e-08,1.984761939957682e-07,0.9999769729843174,0.006786272988524902
1744507475.982846,0.0188017088444242,-0.00025520466863270094,0.0,-8.844012718139107e-08,1.902472992255969e-07,0.9999769729838985,0.006786273050461486
1744507476.0040574,0.02108131566004619,-0.00028614687436349283,0.0,-8.849707147427395e-08,1.820183057982783e-07,0.9999769729834765,0.006786273112841928
1744507476.0254047,0.023491207403805656,-0.00031885750068341376,0.0,-8.855312661957718e-08,1.7378924527091826e-07,0.9999769729830341,0.0067862731782651975
1744507476.0458205,0.026031358585125675,-0.0003533362016101219,0.0,-8.860614425245215e-08,1.6556017820693215e-07,0.9999769729826007,0.006786273242347573
1744507476.0655453,0.028701742339253898,-0.00038958261250781804,0.0,-8.866070660419349e-08,1.573311590980609e-07,0.9999769729821875,0.006786273303430191
1744507476.0903616,0.03150233042839743,-0.00042759635013392503,0.0,-8.871796305584135e-08,1.4910217732687834e-07,0.9999769729817624,0.00678627336624583
1744507476.108405,0.034433093242916366,-0.00046737701262229616,0.0,-8.877308070715338e-08,1.4087317715339417e-07,0.9999769729813214,0.006786273431411089
1744507476.128034,0.03749399980257574,-0.0005089241794725195,0.0,-8.882596297379536e-08,1.3264415032953822e-07,0.9999769729808974,0.006786273494043102
1744507476.1515665,0.04068501775785379,-0.0005522374116068036,0.0,-8.888146354961948e-08,1.2441513481308816e-07,0.9999769729804877,0.006786273554578173
1744507476.172056,0.04400611339130689,-0.0005973162514088308,0.0,-8.893862148129172e-08,1.161861315128224e-07,0.9999769729800597,0.006786273617786155
1744507476.1939836,0.04745725161899347,-0.0006441602226973779,0.0,-8.899279190240581e-08,1.0795711195269742e-07,0.9999769729796236,0.006786273682184713
1744507476.2145348,0.05103839599195475,-0.0006927688307377999,0.0,-8.904594748729467e-08,9.972808762237783e-08,0.9999769729792097,0.0067862737433141826
1744507476.233986,0.05474950869775149,-0.0007431415623081346,0.0,-8.910230288590498e-08,9.149908425580537e-08,0.9999769729788011,0.006786273803623217
1744507476.259563,0.05859055056205705,-0.0007952778857284264,0.0,-8.915896720702974e-08,8.327008173069891e-08,0.9999769729783715,0.006786273867018823
1744507476.2808928,0.06256148105031006,-0.0008491772508254206,0.0,-8.921235510951449e-08,7.504105672993665e-08,0.9999769729779435,0.006786273930189725
1744507476.3036668,0.06666225826942165,-0.0009048390889686956,0.0,-8.92661384447096e-08,6.681203450787142e-08,0.9999769729775388,0.006786273989928118
1744507476.3270266,0.07089283896953892,-0.000962262813136748,0.0,-8.932310221131653e-08,5.858303381950232e-08,0.9999769729771298,0.006786274050239373
1744507476.3466525,0.07525317854586398,-0.001021447817934635,0.0,-8.937896770192066e-08,5.0354025943752126e-08,0.9999769729767014,0.0067862741134458015
1744507476.370383,0.07974323104053187,-0.0010823934795679932,0.0,-8.943188165607363e-08,4.2124998367184165e-08,0.9999769729762839,0.0067862741750317835
1744507476.3908384,0.08436294914454265,-0.001145099155893028,0.0,-8.94865263004606e-08,3.389598224011094e-08,0.9999769729758864,0.006786274233650654
1744507476.4147673,0.08911228419974798,-0.0012095641864899147,0.0,-8.954373460866056e-08,2.5666983090244742e-08,0.9999769729754763,0.006786274294095134
1744507476.4343734,0.0939911862008944,-0.001275787892660732,0.0,-8.95986425976389e-08,1.7437968560903467e-08,0.999976972975052,0.006786274356653207
1744507476.4587624,0.09899960379772428,-0.0013437695774116284,0.0,-8.965147670906704e-08,9.208940261069031e-09,0.9999769729746463,0.006786274416443779
1744507476.4795327,0.10413748429712953,-0.0014135085255240353,0.0,-8.9707051237062e-08,9.799302532460447e-10,0.9999769729742543,0.006786274474228446
1744507476.5040603,0.10940477366536008,-0.0014850040036091063,0.0,-8.976409084332094e-08,-7.249070058874243e-09,0.9999769729738437,0.006786274534720884
1744507476.524828,0.11480141653028698,-0.0015582552601078915,0.0,-8.981805864699258e-08,-1.547809089593619e-08,0.9999769729734268,0.006786274596126351
1744507476.5480998,0.12032735618372332,-0.0016332615252857394,0.0,-8.987121826950127e-08,-2.370711709712364e-08,0.9999769729730329,0.006786274654141939
1744507476.5695877,0.12598253458379524,-0.001710022011331355,0.0,-8.992761304110791e-08,-3.193612174479606e-08,0.9999769729726435,0.006786274711485415
1744507476.5898516,0.13176689235736722,-0.0017885359124111297,0.0,-8.998409845822336e-08,-4.016512585728862e-08,0.9999769729722336,0.006786274771843965
1744507476.6120648,0.13768036880252751,-0.0018688024046128364,0.0,-9.003731579682533e-08,-4.83941517755051e-08,0.9999769729718272,0.006786274831672726
1744507476.633637,0.1437229018911245,-0.0019508206459790537,0.0,-9.009114118281945e-08,-5.662317361874123e-08,0.9999769729714443,0.006786274888048109
1744507476.6568918,0.14989442827135066,-0.0020345897766262835,0.0,-9.01480885782513e-08,-6.485217468971458e-08,0.9999769729710561,0.006786274945158
1744507476.6770678,0.15619488327038325,-0.0021201089187821635,0.0,-9.02037340748094e-08,-7.308118450729012e-08,0.9999769729706496,0.006786275005010075
1744507476.6990967,0.1626242008970847,-0.002207377176725108,0.0,-9.025652716061664e-08,-8.131021333817026e-08,0.9999769729702553,0.006786275062982145
1744507476.7190475,0.16918231384475022,-0.0022963936368456,0.0,-9.031122933912256e-08,-8.953922942682066e-08,0.9999769729698809,0.006786275118079911
1744507476.7446334,0.1758691534939024,-0.002387157367783775,0.0,-9.036835364558019e-08,-9.776822942512924e-08,0.9999769729694926,0.00678627517513607
1744507476.7641165,0.18268464991514666,-0.002479667420409332,0.0,-9.042302655439489e-08,-1.0599724582107489e-07,0.9999769729690917,0.006786275234097989
1744507476.7871642,0.18962873187207802,-0.0025739228278081937,0.0,-9.047579660381237e-08,-1.1422627488736585e-07,0.9999769729687108,0.006786275290098348
1744507476.8092082,0.19670132682423772,-0.002669922605364926,0.0,-9.053141751546417e-08,-1.2245528495937974e-07,0.9999769729683426,0.006786275344196272
1744507476.8328116,0.20390236093012412,-0.0027676657508063436,0.0,-9.058830512110833e-08,-1.3068428666670256e-07,0.9999769729679558,0.006786275401056589
1744507476.8516243,0.21123175905024663,-0.0028671512442547406,0.0,-9.064205045526187e-08,-1.3891330935828443e-07,0.9999769729675642,0.006786275458609446
1744507476.8772478,0.21868944475023874,-0.0029683780482292494,0.0,-9.069519816786972e-08,-1.471423360037853e-07,0.9999769729671958,0.006786275512682502
1744507476.8944335,0.226275340304021,-0.003071345107729392,0.0,-9.075160253547537e-08,-1.5537134096010333e-07,0.999976972966831,0.006786275566263518
1744507476.9189088,0.23398936669700932,-0.003176051350319254,0.0,-9.080787926695248e-08,-1.6360034684616042e-07,0.9999769729664458,0.006786275622818755
1744507476.941103,0.24183144362938294,-0.0032824956860701723,0.0,-9.08609110240479e-08,-1.7182937438845932e-07,0.999976972966066,0.006786275678594851
1744507476.9622622,0.24980148951939676,-0.0033906770076019103,0.0,-9.091476119037703e-08,-1.8005839645905953e-07,0.9999769729657093,0.006786275730942659
1744507476.9831839,0.25789942150674033,-0.0035005941902197385,0.0,-9.097166165407003e-08,-1.8828739823826315e-07,0.9999769729653462,0.006786275784227699
1744507477.0054758,0.26612515545594545,-0.0036122460919824255,0.0,-9.102706275219335e-08,-1.9651641007639426e-07,0.9999769729649651,0.006786275840151008
1744507477.0278292,0.27447860595985213,-0.0037256315536392417,0.0,-9.107972355181342e-08,-2.047454401791218e-07,0.9999769729645982,0.006786275893966941
1744507477.0486326,0.28295968634311836,-0.0038407493987046106,0.0,-9.113446393414319e-08,-2.129744564160041e-07,0.9999769729642506,0.006786275944940104
1744507477.0738275,0.29156830866577604,-0.003957598433569084,0.0,-9.119147474776995e-08,-2.2120345759551084e-07,0.9999769729638893,0.006786275997925166
1744507477.0919228,0.30030438372683993,-0.004076177447485486,0.0,-9.124589435016604e-08,-2.2943247611567526e-07,0.9999769729635162,0.006786276052612827
1744507477.117127,0.30916782106795687,-0.004196485212622797,0.0,-9.129859098374048e-08,-2.376615061090899e-07,0.9999769729631641,0.006786276104187939
1744507477.1357687,0.3181585289771149,-0.0043185204840860214,0.0,-9.135423693084593e-08,-2.4589051644748423e-07,0.9999769729628234,0.006786276154120846
1744507477.1573508,0.3272764144923777,-0.004442282000140434,0.0,-9.141094615839198e-08,-2.5411951977044487e-07,0.9999769729624636,0.0067862762068294676
1744507477.1766362,0.33652138340569077,-0.004567768482107705,0.0,-9.146445700548812e-08,-2.6234854445825984e-07,0.9999769729621013,0.006786276259902679
1744507477.2010746,0.34589334026672514,-0.004694978634373012,0.0,-9.151758399111771e-08,-2.7057757169684787e-07,0.9999769729617634,0.006786276309375965
1744507477.2227874,0.35539218838676695,-0.004823911144493409,0.0,-9.157397541961244e-08,-2.7880657721278327e-07,0.9999769729614273,0.006786276358573254
1744507477.2448478,0.3650178298426398,-0.004954564683383918,0.0,-9.163002208861587e-08,-2.8703558510291e-07,0.999976972961071,0.006786276410719229
1744507477.2623074,0.3747701654806959,-0.005086937905186254,0.0,-9.1682861761725e-08,-2.952646143854026e-07,0.9999769729607213,0.006786276461895334
1744507477.285642,0.38464909492083527,-0.0052210294474029605,0.0,-9.173672725013154e-08,-3.034936368095858e-07,0.9999769729603949,0.006786276509636046
1744507477.3081708,0.39465451656058054,-0.0053568379309491,0.0,-9.179355857299903e-08,-3.1172263952142367e-07,0.9999769729600613,0.006786276558422785
1744507477.3306222,0.40478632757919186,-0.00549436196021192,0.0,-9.184870031501357e-08,-3.1995165357377834e-07,0.9999769729597103,0.006786276609745438
1744507477.3532062,0.4150444239418232,-0.005633600123062808,0.0,-9.190122659510454e-08,-3.281806850553543e-07,0.9999769729593745,0.006786276658847474
1744507477.3741171,0.42542870040372577,-0.00577455099093729,0.0,-9.195599451818565e-08,-3.36409701575932e-07,0.9999769729590562,0.006786276705354088
1744507477.3989124,0.4359390505144898,-0.005917213118995157,0.0,-9.201287191409751e-08,-3.446387040907572e-07,0.9999769729587227,0.0067862767540806555
1744507477.4162018,0.44657536662233444,-0.006061585046137383,0.0,-9.20670304012735e-08,-3.528677247918757e-07,0.9999769729583794,0.006786276804231606
1744507477.4375198,0.45733753987845405,-0.0062076652948698016,0.0,-9.211965413488592e-08,-3.610967557307575e-07,0.9999769729580582,0.006786276851125457
1744507477.4579594,0.46822546024138256,-0.0063554523715356635,0.0,-9.217531345085047e-08,-3.693257664613138e-07,0.9999769729577475,0.006786276896458817
1744507477.4808662,0.4792390164814088,-0.006504944766404938,0.0,-9.223182874504072e-08,-3.775547715747203e-07,0.9999769729574178,0.006786276944592316
1744507477.499975,0.49037809618503875,-0.00665614095365971,0.0,-9.228510440622974e-08,-3.857837983262981e-07,0.9999769729570868,0.006786276992887238
1744507477.5257137,0.5016425857594893,-0.006809039391480305,0.0,-9.233821248105725e-08,-3.940128261817344e-07,0.9999769729567811,0.006786277037463665
1744507477.545135,0.5130323704372436,-0.006963638522029295,0.0,-9.239457928833185e-08,-4.0224183236644367e-07,0.9999769729564766,0.006786277081874449
1744507477.5703354,0.5245473342806113,-0.007119936771738675,0.0,-9.245038658329391e-08,-4.1047084237944485e-07,0.9999769729561532,0.006786277129025423
1744507477.593169,0.5361873601863704,-0.007277932551096293,0.0,-9.250303983099373e-08,-4.186998734585404e-07,0.9999769729558389,0.006786277174838831
1744507477.6128314,0.5479523298904269,-0.007437624254754272,0.0,-9.255692269868375e-08,-4.2692889633716617e-07,0.9999769729555469,0.0067862772173156545
1744507477.6366525,0.559842123972499,-0.007599010261794494,0.0,-9.261367482264436e-08,-4.3515790014405605e-07,0.999976972955247,0.006786277261020572
1744507477.6607606,0.5718566218608722,-0.007762088935650998,0.0,-9.266855550510836e-08,-4.4338691648967635e-07,0.9999769729549303,0.0067862773071541635
1744507477.6799214,0.5839957018371643,-0.007926858624232109,0.0,-9.272095800947866e-08,-4.5161594934572056e-07,0.9999769729546305,0.006786277350774931
1744507477.7032208,0.5962592410411571,-0.008093317659871094,0.0,-9.277575535044628e-08,-4.598449662453028e-07,0.9999769729543483,0.0067862773918124925
1744507477.7247665,0.6086471154756438,-0.00826146435953461,0.0,-9.28324929269657e-08,-4.680739702995356e-07,0.9999769729540507,0.006786277435104197
1744507477.7478032,0.6211592000113143,-0.008431297024897467,0.0,-9.288639685420738e-08,-4.7630299331611714e-07,0.9999769729537452,0.006786277479521867
1744507477.7678976,0.6337953683916971,-0.008602813942241735,0.0,-9.293896202177997e-08,-4.8453202527811e-07,0.9999769729534643,0.006786277520345824
1744507477.7871568,0.6465554932381327,-0.008776013382507091,0.0,-9.299463676156303e-08,-4.927610365723757e-07,0.9999769729531932,0.00678627755970521
1744507477.8109195,0.6594394460547617,-0.008950893601548993,0.0,-9.305095748024535e-08,-5.009900436595024e-07,0.9999769729529028,0.006786277601901818
1744507477.8302846,0.6724470972335607,-0.009127452840149874,0.0,-9.310401263636003e-08,-5.092190725474244e-07,0.9999769729526125,0.006786277644048468
1744507477.8501868,0.6855783160594185,-0.009305689324040162,0.0,-9.315711833153084e-08,-5.174481010734055e-07,0.999976972952347,0.006786277682540567
1744507477.8749242,0.698832970715256,-0.009485601263929468,0.0,-9.321346385947537e-08,-5.256771080425866e-07,0.9999769729520803,0.006786277721202971
1744507477.8927581,0.7122109282871502,-0.009667186855792377,0.0,-9.326903871858035e-08,-5.339061202221361e-07,0.999976972951794,0.006786277762749447
1744507477.9157488,0.725712054769515,-0.009850444280803415,0.0,-9.332152749921935e-08,-5.421351529921432e-07,0.9999769729515183,0.006786277802723661
1744507477.936362,0.7393362150703292,-0.01003537170525878,0.0,-9.337544549134673e-08,-5.503641762488681e-07,0.9999769729512656,0.006786277839289347
1744507477.9571826,0.7530832730163803,-0.010221967280737446,0.0,-9.34321247522245e-08,-5.585931811797567e-07,0.9999769729510032,0.006786277877310946
1744507477.9814255,0.7669530913585265,-0.010410229144316167,0.0,-9.348676014751306e-08,-5.668221998031004e-07,0.9999769729507247,0.0067862779176464175
1744507477.9999745,0.7809455317770111,-0.010600155418511467,0.0,-9.353906677512356e-08,-5.750512339248674e-07,0.9999769729504637,0.006786277955421329
1744507478.0200324,0.7950604548868079,-0.010791744211366484,0.0,-9.359391217081941e-08,-5.832802511048564e-07,0.9999769729502184,0.006786277990864605
1744507478.0440273,0.8092977202429882,-0.010984993616657569,0.0,-9.365052130454408e-08,-5.915092566063828e-07,0.999976972949957,0.00678627802864729
1744507478.0621274,0.8236571863461357,-0.01117990171382774,0.0,-9.370419578352077e-08,-5.997382817508711e-07,0.9999769729496892,0.006786278067389628
1744507478.085586,0.838138710647786,-0.01137646656796872,0.0,-9.37567346886067e-08,-6.079673144863147e-07,0.9999769729494457,0.006786278102568232
1744507478.1063378,0.8527421495558867,-0.011574686230019974,0.0,-9.381244481729833e-08,-6.161963261338372e-07,0.9999769729492105,0.006786278136453013
1744507478.126155,0.8674673584402978,-0.011774558736864409,0.0,-9.386858941869264e-08,-6.244253349887862e-07,0.9999769729489566,0.0067862781731243904
1744507478.1481059,0.8823141916383134,-0.011976082111360616,0.0,-9.392145822855534e-08,-6.326543657274873e-07,0.999976972948705,0.006786278209447385
1744507478.167543,0.8972825024602201,-0.012179254362382869,0.0,-9.39745968596743e-08,-6.408833946555916e-07,0.9999769729484782,0.006786278242075646
1744507478.1878884,0.9123721431948741,-0.012384073485016137,0.0,-9.403094357632358e-08,-6.491124022602757e-07,0.9999769729482508,0.006786278274810484
1744507478.2110677,0.9275829651153306,-0.012590537460510634,0.0,-9.408631325185965e-08,-6.573414164828795e-07,0.9999769729480048,0.006786278310257091
1744507478.2305205,0.9429148184844585,-0.012798644256501866,0.0,-9.413867979737272e-08,-6.655704507577268e-07,0.9999769729477717,0.006786278343818583
1744507478.253284,0.9583675525606378,-0.013008391826808421,0.0,-9.419267030833137e-08,-6.737994742284347e-07,0.9999769729475609,0.00678627837405481
1744507478.275164,0.9739410156034406,-0.013219778111744268,0.0,-9.424930341146988e-08,-6.820284801659258e-07,0.9999769729473397,0.006786278405833767
1744507478.29426,0.9896350548793473,-0.013432801038194945,0.0,-9.430373066198163e-08,-6.902575008774562e-07,0.999976972947104,0.0067862784397185495
1744507478.3179648,1.0054495166674882,-0.01364745851971389,0.0,-9.435599026554003e-08,-6.984865360304419e-07,0.9999769729468884,0.006786278470652203
1744507478.3369634,1.0213842462654366,-0.013863748456399644,0.0,-9.441092291108225e-08,-7.067155533856099e-07,0.9999769729466887,0.006786278499226465
1744507478.3579524,1.037439087994993,-0.014081668735205563,0.0,-9.446743654120175e-08,-7.149445603146796e-07,0.999976972946473,0.006786278530152125
1744507478.3808217,1.0536138852080241,-0.014301217229809407,0.0,-9.452092891500682e-08,-7.231735874572354e-07,0.9999769729462507,0.006786278562016125
1744507478.4005218,1.0699084802922771,-0.014522391800969781,0.0,-9.457349541788186e-08,-7.314026207627089e-07,0.9999769729460538,0.006786278590151638
1744507478.42289,1.0863227146772945,-0.014745190296227773,0.0,-9.462928239952653e-08,-7.396316326462257e-07,0.9999769729458637,0.0067862786172686535
1744507478.44342,1.1028564288402691,-0.014969610550427698,0.0,-9.468529197200104e-08,-7.478606431552022e-07,0.9999769729456555,0.006786278647053699
1744507478.4627864,1.1195094623119777,-0.015195650385577169,0.0,-9.473803146830624e-08,-7.560896755448665e-07,0.9999769729454537,0.00678627867588397
1744507478.4857526,1.136281653682751,-0.015423307610589953,0.0,-9.479126045002954e-08,-7.643187047235161e-07,0.9999769729452775,0.006786278700931136
1744507478.5054495,1.1531728406084159,-0.015652580021668423,0.0,-9.484765323845391e-08,-7.725477128703787e-07,0.9999769729450965,0.006786278726677946
1744507478.526018,1.1701828598162483,-0.015883465402730803,0.0,-9.490286846831291e-08,-7.807767289020326e-07,0.9999769729448961,0.006786278755259093
1744507478.5476208,1.1873115471109894,-0.016115961525248402,0.0,-9.49551782871266e-08,-7.890057642832477e-07,0.9999769729447096,0.006786278781784374
1744507478.570528,1.204558737380911,-0.01635006614798648,0.0,-9.500930127711946e-08,-7.972347875927133e-07,0.9999769729445448,0.00678627880511473
1744507478.5909042,1.2219242646038315,-0.01658577701744693,0.0,-9.506593814801013e-08,-8.05463794257904e-07,0.9999769729443687,0.0067862788300910625
1744507478.612107,1.2394079618531932,-0.01682309186787681,0.0,-9.512021845102485e-08,-8.136928167223482e-07,0.9999769729441798,0.006786278856936082
1744507478.6316297,1.2570096613041277,-0.017062008421440227,0.0,-9.517250334200252e-08,-8.219218525036717e-07,0.9999769729440132,0.0067862788804860345
1744507478.6556125,1.2747291942396042,-0.01730252438788278,0.0,-9.522758539663112e-08,-8.301508696790108e-07,0.9999769729438613,0.006786278901872656
1744507478.6780443,1.2925663910565284,-0.017544637465028136,0.0,-9.528406031134792e-08,-8.383798776587215e-07,0.9999769729436909,0.006786278925963943
1744507478.7002656,1.31052108127186,-0.017788345338975685,0.0,-9.533744222297844e-08,-8.466089062965164e-07,0.9999769729435165,0.006786278950644963
1744507478.7194786,1.3285930935288017,-0.018033645683853863,0.0,-9.539011362267353e-08,-8.548379396673807e-07,0.9999769729433678,0.006786278971507573
1744507478.7437432,1.3467822556029772,-0.018280536161975856,0.0,-9.544604218577926e-08,-8.630669514017581e-07,0.9999769729432263,0.0067862789913230425
1744507478.7630868,1.3650883944086123,-0.018529014424073908,0.0,-9.550198204428958e-08,-8.712959632234469e-07,0.9999769729430681,0.006786279013587387
1744507478.790278,1.3835113360047826,-0.018779078108982092,0.0,-9.555467347414839e-08,-8.795249967839173e-07,0.9999769729429152,0.00678627903505261
1744507478.8069513,1.402050905601571,-0.019030724844336655,0.0,-9.560807346812323e-08,-8.877540256295353e-07,0.9999769729427895,0.006786279052488928
1744507478.8305314,1.4207069275663688,-0.019283952246156616,0.0,-9.566458063668752e-08,-8.959830338694176e-07,0.9999769729426621,0.006786279070162828
1744507478.8511653,1.4394792254301203,-0.01953875791910678,0.0,-9.571971644027011e-08,-9.04212051386866e-07,0.9999769729425192,0.006786279090151045
1744507478.8731673,1.4583676218935835,-0.019795139456569345,0.0,-9.577205885252469e-08,-9.124410875746112e-07,0.9999769729423915,0.006786279107870906
1744507478.894125,1.4773719388336268,-0.020053094440614167,0.0,-9.582639720352444e-08,-9.206701104651861e-07,0.9999769729422836,0.00678627912264053
1744507478.9126308,1.4964919973094934,-0.020312620442588487,0.0,-9.588311117496337e-08,-9.288991175860342e-07,0.9999769729421654,0.006786279138965759
1744507478.9368217,1.5157276175691594,-0.020573715022649253,0.0,-9.593732970453291e-08,-9.371281414514339e-07,0.9999769729420372,0.006786279156732916
1744507478.9557147,1.5350786190556407,-0.020836375730033826,0.0,-9.598973530139979e-08,-9.453571774561286e-07,0.9999769729419323,0.006786279171004062
1744507478.9767635,1.5545448204133514,-0.02110060010291106,0.0,-9.604505135493765e-08,-9.535861941257201e-07,0.9999769729418415,0.006786279183265746
1744507478.9983482,1.574126039494419,-0.02136638566896953,0.0,-9.610156744881302e-08,-9.618152029007384e-07,0.9999769729417334,0.0067862791980027315
1744507479.0188248,1.5938220933650726,-0.021633729945140324,0.0,-9.615493379703479e-08,-9.700442327256974e-07,0.9999769729416229,0.006786279213114073
1744507479.0386953,1.6136327983119987,-0.021902630437811228,0.0,-9.620780951116243e-08,-9.782732658220157e-07,0.9999769729415385,0.006786279224383688
1744507479.0618184,1.633557969848759,-0.022173084642625743,0.0,-9.626396612798421e-08,-9.86502277096035e-07,0.9999769729414565,0.006786279235273169
1744507479.081232,1.6535974227221126,-0.022445090045386053,0.0,-9.631992402025083e-08,-9.94731289784585e-07,0.9999769729413576,0.006786279248639504
1744507479.1031947,1.6737509709184868,-0.02271864412134681,0.0,-9.637267071575887e-08,-1.0029603239795931e-06,0.9999769729412692,0.006786279260458443
1744507479.1231668,1.6940184276703911,-0.022993744335260233,0.0,-9.642634323116062e-08,-1.0111893520839773e-06,0.9999769729412077,0.006786279268319974
1744507479.1440942,1.7143996054628028,-0.02327038814196764,0.0,-9.64830538792533e-08,-1.019418360078858e-06,0.9999769729411441,0.006786279276430855
1744507479.1690204,1.734894316039638,-0.023548572986089405,0.0,-9.6538206587552e-08,-1.0276473786153532e-06,0.9999769729410664,0.006786279286661545
1744507479.189729,1.7555023704101618,-0.023828296302304673,0.0,-9.659069137793648e-08,-1.035876414978139e-06,0.9999769729410057,0.006786279294339004
1744507479.2096097,1.7762235788554315,-0.024109555515478564,0.0,-9.66453472572851e-08,-1.0441054368959666e-06,0.9999769729409673,0.006786279298715848
1744507479.2326784,1.7970577509347847,-0.024392348040508,0.0,-9.670223115354891e-08,-1.0523344440762222e-06,0.9999769729409161,0.006786279304975808
1744507479.2538087,1.8180046954922677,-0.024676671282751635,0.0,-9.675649275612884e-08,-1.0605634688243146e-06,0.9999769729408552,0.0067862793127072205
1744507479.2732654,1.8390642206631012,-0.02496252263800557,0.0,-9.68091328950342e-08,-1.068792504382145e-06,0.9999769729408178,0.006786279316929969
1744507479.2966058,1.8602361338801807,-0.025249899492371185,0.0,-9.68647849760301e-08,-1.0770215199163868e-06,0.9999769729407936,0.00678627931921098
1744507479.3158488,1.8815202418805494,-0.025538799222547818,0.0,-9.692143992233628e-08,-1.0852505288799346e-06,0.9999769729407512,0.006786279324138482
1744507479.3384068,1.9029163507118534,-0.025829219196075937,0.0,-9.6974903099501e-08,-1.0934795591966218e-06,0.9999769729407092,0.006786279328998481
1744507479.3573658,1.9244242657388604,-0.026121156771116382,0.0,-9.702809851720716e-08,-1.101708591327545e-06,0.9999769729406953,0.0067862793296936865
1744507479.3773272,1.946043791649974,-0.02641460929639984,0.0,-9.708458494474992e-08,-1.1099376016329618e-06,0.9999769729406852,0.0067862793298504465
1744507479.3996518,1.9677747324636847,-0.026709574111873614,0.0,-9.714066422241618e-08,-1.1181666147792895e-06,0.9999769729406577,0.006786279332543343
1744507479.4197326,1.9896168915350894,-0.027006048548466634,0.0,-9.719358431907308e-08,-1.1263956490534543e-06,0.9999769729406415,0.006786279333582487
1744507479.4385335,2.0115700715624065,-0.027304029928056715,0.0,-9.724764404975787e-08,-1.1346246757917549e-06,0.9999769729406524,0.006786279330601828
1744507479.4630096,2.033634074593506,-0.027603515563475442,0.0,-9.730466007108689e-08,-1.142853682937062e-06,0.9999769729406566,0.006786279328597034
1744507479.4812589,2.0558087020323526,-0.027904502759238514,0.0,-9.735993890976337e-08,-1.151082701763794e-06,0.9999769729406467,0.006786279328674304
1744507479.504028,2.078093754645544,-0.0282069888112923,0.0,-9.741268746203255e-08,-1.1593117374986502e-06,0.9999769729406585,0.006786279325512462
1744507479.523934,2.1004890325688614,-0.02851097100666063,0.0,-9.746777309144803e-08,-1.1675407577819736e-06,0.9999769729406939,0.00678627931889946
1744507479.5446377,2.1229943353137863,-0.028816446623771443,0.0,-9.7524929635189e-08,-1.1757697644427672e-06,0.9999769729407164,0.006786279314168908
1744507479.5657225,2.1456094617739505,-0.029123412933045392,0.0,-9.757934878789273e-08,-1.1839987894611317e-06,0.9999769729407326,0.006786279310338505
1744507479.5863876,2.1683342102317047,-0.029431867196411478,0.0,-9.76323452429693e-08,-1.1922278239899545e-06,0.9999769729407746,0.006786279302719664
1744507479.6059673,2.19116837836461,-0.029741806667659847,0.0,-9.768844199136685e-08,-1.2004568379271858e-06,0.9999769729408309,0.006786279292961472
1744507479.6283712,2.214111763251989,-0.030053228592303503,0.0,-9.774534003306317e-08,-1.2086858466885936e-06,0.9999769729408704,0.00678627928568435
1744507479.6481457,2.2371641613813718,-0.03036613020823195,0.0,-9.779901825398038e-08,-1.2169148770338125e-06,0.9999769729409149,0.006786279277659621
1744507479.6706886,2.2603253686551223,-0.03068050874453635,0.0,-9.785265264248082e-08,-1.2251439077191584e-06,0.9999769729409829,0.006786279266170853
1744507479.6899753,2.2835951803968095,-0.03099636142264347,0.0,-9.790957346629217e-08,-1.2333729164525777e-06,0.9999769729410452,0.00678627925549031
1744507479.7106597,2.3069733913578307,-0.0313136854573009,0.0,-9.796588019503757e-08,-1.241601929245691e-06,0.9999769729410903,0.0067862792473296915
1744507479.732762,2.330459795723876,-0.031632478054827204,0.0,-9.801909325929228e-08,-1.2498309626952918e-06,0.999976972941146,0.00678627923760836
1744507479.7524686,2.3540541871214296,-0.03195273641343196,0.0,-9.807365430473516e-08,-1.258059987187503e-06,0.9999769729412192,0.0067862792252862784
1744507479.7721038,2.3777563586242723,-0.03227445772418481,0.0,-9.813107624039431e-08,-1.2662889925498713e-06,0.9999769729412759,0.006786279215435719
1744507479.7968464,2.40156610275999,-0.03259763917179766,0.0,-9.818658872928676e-08,-1.2745180105680639e-06,0.9999769729413187,0.006786279207582626
1744507479.8161013,2.4254832115164575,-0.032922277932758016,0.0,-9.82397189491281e-08,-1.2827470444972814e-06,0.9999769729413805,0.006786279196927614
1744507479.8371449,2.449507476348358,-0.0332483711756398,0.0,-9.829534113238901e-08,-1.290976061842737e-06,0.999976972941452,0.006786279184808478
1744507479.8602197,2.473638688183619,-0.0335759160631471,0.0,-9.835286708808898e-08,-1.299205066483771e-06,0.9999769729415072,0.006786279175090922
1744507479.880388,2.497876637429924,-0.033904909750747135,0.0,-9.840755154974229e-08,-1.307434090122779e-06,0.999976972941558,0.006786279166026381
1744507479.9041913,2.522221113981205,-0.03423534938575279,0.0,-9.846101722174971e-08,-1.3156631219144332e-06,0.9999769729416257,0.006786279154478552
1744507479.9267812,2.5466719072240767,-0.03456723210901666,0.0,-9.851765667909201e-08,-1.3238921324102053e-06,0.9999769729416911,0.006786279143244018
1744507479.945854,2.5712288060443047,-0.03490055505614543,0.0,-9.85748910056512e-08,-1.3321211388361688e-06,0.9999769729417406,0.0067862791343406784
1744507479.9687836,2.595891598833317,-0.03523531535483038,0.0,-9.862889016910679e-08,-1.340350166932311e-06,0.999976972941794,0.006786279124848489
1744507479.988403,2.6206600734946206,-0.03557151012526534,0.0,-9.868306811009327e-08,-1.3485791938897769e-06,0.9999769729418638,0.006786279112920085
1744507480.011591,2.6455340174501956,-0.035909136481915446,0.0,-9.87405118321632e-08,-1.3568081989673514e-06,0.9999769729419234,0.006786279102521309
1744507480.031598,2.6705132176469832,-0.036248191534033435,0.0,-9.87971354809322e-08,-1.365037209423711e-06,0.999976972941968,0.0067862790942785365
1744507480.051051,2.695597460563344,-0.03658867238307799,0.0,-9.885074274413318e-08,-1.3732662400547424e-06,0.9999769729420238,0.006786279084403553
1744507480.073589,2.7207865322154414,-0.036930576123803086,0.0,-9.890589849275325e-08,-1.3814952603774338e-06,0.9999769729420935,0.006786279072466487
1744507480.094687,2.7460802181636366,-0.03727389984569542,0.0,-9.896380512218975e-08,-1.3897242622819075e-06,0.9999769729421472,0.00678627906287327
1744507480.116694,2.7714783035189146,-0.03761864063253131,0.0,-9.901963628849545e-08,-1.397953277963225e-06,0.9999769729421867,0.006786279055346797
1744507480.1368892,2.79698057294928,-0.03796479556131434,0.0,-9.907324143990642e-08,-1.406182308478204e-06,0.9999769729422432,0.006786279045317051
1744507480.1566782,2.8225868106861394,-0.03831236170275051,0.0,-9.912948015281564e-08,-1.4144113214072793e-06,0.9999769729423077,0.006786279034114936
1744507480.1794899,2.848296800530667,-0.03866133612267915,0.0,-9.918744467968447e-08,-1.4226403227740567e-06,0.9999769729423522,0.006786279025830422
1744507480.2005262,2.8741103258601712,-0.03901171588139116,0.0,-9.924247353239711e-08,-1.4308693437326655e-06,0.999976972942394,0.006786279017939806
1744507480.2206998,2.9000271696344924,-0.03936349803211374,0.0,-9.929649021783757e-08,-1.4390983714904774e-06,0.9999769729424541,0.006786279007336532
1744507480.2440498,2.926047114402295,-0.039716679622846925,0.0,-9.935373747986923e-08,-1.4473273776328746e-06,0.9999769729425113,0.0067862789971695646
1744507480.264208,2.9521699423074024,-0.04007125769735833,0.0,-9.941136770349747e-08,-1.455556381103665e-06,0.9999769729425484,0.00678627898993574
1744507480.2840788,2.978395435095163,-0.04042722929349705,0.0,-9.946575866570435e-08,-1.4637854061946372e-06,0.9999769729425918,0.006786278981773346
1744507480.3085048,3.0047233741187624,-0.04078459144268501,0.0,-9.952054717207568e-08,-1.4720144287030425e-06,0.9999769729426545,0.00678627897077262
1744507480.3286822,3.03115354034546,-0.041143341171672565,0.0,-9.957856327842092e-08,-1.4802434296633567e-06,0.9999769729427067,0.006786278961283541
1744507480.3520472,3.0576857143629232,-0.04150347550285247,0.0,-9.963555364459835e-08,-1.4884724373787579e-06,0.9999769729427389,0.00678627895471739
1744507480.371366,3.0843196763854372,-0.04186499145304654,0.0,-9.968961477509815e-08,-1.4967014645899428e-06,0.9999769729427831,0.006786278946426212
1744507480.3910341,3.1110552062602594,-0.042227886033054066,0.0,-9.974541460725919e-08,-1.5049304801308588e-06,0.9999769729428365,0.006786278936722422
1744507480.4147959,3.137892083473868,-0.04259215625042621,0.0,-9.980383962120564e-08,-1.5131594780686265e-06,0.9999769729428757,0.006786278929120454
1744507480.4349399,3.1648300871580903,-0.042957799107639236,0.0,-9.986002857168369e-08,-1.5213884909285378e-06,0.9999769729429027,0.006786278923286368
1744507480.4576068,3.1918689960963973,-0.04332481160178622,0.0,-9.991415375756761e-08,-1.5296175175966109e-06,0.9999769729429483,0.006786278914710537
1744507480.476947,3.219008588730094,-0.04369319072480097,0.0,-9.997103864030461e-08,-1.5378465258540472e-06,0.999976972942999,0.006786278905384212
1744507480.4972422,3.2462486431645474,-0.04406293346526233,0.0,-1.0002945979173836e-07,-1.5460755237593533e-06,0.9999769729430279,0.006786278899258365
1744507480.5191927,3.2735889371753037,-0.04443403680738134,0.0,-1.0008485989268309e-07,-1.554304541748595e-06,0.9999769729430535,0.006786278893605015
1744507480.5401578,3.3010292482142822,-0.04480649772990785,0.0,-1.0013945472167898e-07,-1.5625335651405185e-06,0.9999769729430996,0.006786278884893519
1744507480.5610478,3.3285693534159333,-0.045180313207330375,0.0,-1.0019731844240503e-07,-1.5707625667220784e-06,0.9999769729431432,0.006786278876591906
1744507480.5848565,3.3562090296033493,-0.04555548021108657,0.0,-1.0025534715445991e-07,-1.578991567150326e-06,0.9999769729431667,0.006786278871199013
1744507480.6054888,3.383948053294369,-0.04593199570820286,0.0,-1.0031014228513099e-07,-1.5872205891841836e-06,0.9999769729432,0.0067862788643675235
1744507480.6260962,3.411786200707753,-0.04630985665994352,0.0,-1.0036554744146208e-07,-1.5954496072003657e-06,0.9999769729432485,0.006786278855313418
1744507480.6479795,3.439723247769168,-0.0466890600248082,0.0,-1.0042412319206035e-07,-1.6036786039583373e-06,0.9999769729432831,0.006786278848261222
1744507480.668188,3.467758970117341,-0.0470696027582922,0.0,-1.0048146731809733e-07,-1.6119076088001006e-06,0.9999769729433001,0.006786278843811995
1744507480.6927707,3.49589314311004,-0.047451481811254505,0.0,-1.0053597744354624e-07,-1.6201366325321926e-06,0.9999769729433313,0.0067862788372733745
1744507480.7135975,3.524125541830127,-0.047834694129940944,0.0,-1.0059240398965916e-07,-1.6283656435129633e-06,0.9999769729433738,0.006786278829014396
1744507480.7329605,3.5524559410915892,-0.048219236658507074,0.0,-1.0065131353359878e-07,-1.6365946379041616e-06,0.9999769729434044,0.006786278822558818
1744507480.7568364,3.5808841154455475,-0.048605106337451215,0.0,-1.007078312240317e-07,-1.6448236483504818e-06,0.9999769729434296,0.0067862788168306445
1744507480.7771885,3.6094098391862754,-0.048992300102050274,0.0,-1.0076245139867916e-07,-1.6530526715415662e-06,0.9999769729434692,0.0067862788089977566
1744507480.797759,3.6380328863570734,-0.049380814885087845,0.0,-1.0081994014027095e-07,-1.6612816755194626e-06,0.9999769729435142,0.0067862788003582005
1744507480.820251,3.6667530307562144,-0.04977064761653229,0.0,-1.008787636391377e-07,-1.6695106704346355e-06,0.9999769729435364,0.0067862787950556756
1744507480.8392656,3.6955700459429406,-0.05016179522359007,0.0,-1.0093448872992636e-07,-1.6777396859814477e-06,0.9999769729435595,0.006786278789627256
1744507480.8636816,3.724483705243354,-0.05055425462869783,0.0,-1.0098961368158026e-07,-1.6859687056277938e-06,0.9999769729436024,0.006786278781274127
1744507480.8829417,3.753493781756268,-0.05094802275154298,0.0,-1.010480261137012e-07,-1.69419770331879e-06,0.9999769729436392,0.006786278773793174
1744507480.902267,3.782600048359084,-0.05134309651035375,0.0,-1.0110637942242672e-07,-1.7024267013177968e-06,0.999976972943659,0.0067862787688190455
1744507480.925217,3.8118022777136926,-0.05173947281943573,0.0,-1.011615135952917e-07,-1.7106557208432008e-06,0.9999769729436878,0.0067862787624984695
1744507480.9461582,3.8411002422722595,-0.05213714858906247,0.0,-1.0121746212244473e-07,-1.7188847349789264e-06,0.9999769729437311,0.006786278754055417
1744507480.965663,3.870493714283062,-0.05253612072802457,0.0,-1.0127650479068503e-07,-1.7271137283794214e-06,0.9999769729437615,0.006786278747476165
1744507480.9884155,3.899982465796203,-0.05293638614322104,0.0,-1.0133410981478361e-07,-1.7353427312759521e-06,0.9999769729437785,0.006786278742859741
1744507481.0088892,3.9295662686694763,-0.05333794173752972,0.0,-1.0138898297612153e-07,-1.7435717524688248e-06,0.9999769729438088,0.006786278736270276
1744507481.0295494,3.9592448945741228,-0.053740784411010926,0.0,-1.0144593628323732e-07,-1.7518007597754102e-06,0.9999769729438494,0.006786278728192478
1744507481.052449,3.989018115000467,-0.05414491106223314,0.0,-1.0150521388910382e-07,-1.7600297514658915e-06,0.9999769729438694,0.006786278723106443
1744507481.071839,4.018885701263681,-0.05455031858817267,0.0,-1.0156194874818933e-07,-1.7682587600543086e-06,0.9999769729438835,0.006786278718901681
1744507481.093868,4.048847424509461,-0.05495700388178003,0.0,-1.0161695508856022e-07,-1.7764877802520963e-06,0.9999769729439157,0.006786278711989369
1744507481.1158617,4.078903055719767,-0.05536496383385395,0.0,-1.0167492066652557e-07,-1.7847167806970549e-06,0.9999769729439499,0.006786278704796621
1744507481.134756,4.109052365718352,-0.05577419533436877,0.0,-1.0173400802936374e-07,-1.7929457735568832e-06,0.9999769729439634,0.006786278700644263
1744507481.1576679,4.13929512517639,-0.05618469527129178,0.0,-1.0178992767067648e-07,-1.8011747875579888e-06,0.9999769729439811,0.006786278695832223
1744507481.1789992,4.169631104618172,-0.05659646052843807,0.0,-1.0184544940465256e-07,-1.8094038042789786e-06,0.9999769729440137,0.006786278688863512
1744507481.198449,4.200060074426657,-0.05700948798899431,0.0,-1.0190425723852993e-07,-1.8176327989734583e-06,0.9999769729440378,0.0067862786831322285
1744507481.2222657,4.2305818048489545,-0.057423774535549595,0.0,-1.0196277659583505e-07,-1.8258617954402115e-06,0.9999769729440444,0.006786278679941077
1744507481.2422335,4.261196066001892,-0.057839317048146176,0.0,-1.0201809996860717e-07,-1.8340908133205331e-06,0.999976972944065,0.006786278674668749
1744507481.2642431,4.2919026278776204,-0.05825611240316154,0.0,-1.020744330589689e-07,-1.842319824581862e-06,0.9999769729440967,0.0067862786677613226
1744507481.2850804,4.322701260348963,-0.05867415747704078,0.0,-1.0213376488458358e-07,-1.8505488156698352e-06,0.9999769729441098,0.006786278663615622
1744507481.3041275,4.353591733174965,-0.059093449146092755,0.0,-1.0219145406659313e-07,-1.858777817549289e-06,0.9999769729441119,0.006786278661050845
1744507481.326464,4.384573816006304,-0.05951398428337321,0.0,-1.0224652031639192e-07,-1.8670068370147936e-06,0.9999769729441323,0.0067862786557805165
1744507481.3473985,4.415647278390757,-0.059935759760027456,0.0,-1.0230381616162516e-07,-1.8752358417313303e-06,0.9999769729441647,0.006786278648736091
1744507481.366776,4.446811889778482,-0.06035877244676548,0.0,-1.0236326232254031e-07,-1.883464832074175e-06,0.9999769729441764,0.006786278644733828
1744507481.3898945,4.478067419527498,-0.0607830192139202,0.0,-1.0242002104179424e-07,-1.89169384029557e-06,0.9999769729441829,0.006786278641478507
1744507481.4092636,4.509413636909017,-0.06120849692882496,0.0,-1.0247522296358904e-07,-1.8999228589056776e-06,0.9999769729442058,0.006786278635792078
1744507481.4337416,4.540850311112709,-0.0616352024577902,0.0,-1.0253345700796788e-07,-1.9081518571678357e-06,0.9999769729442244,0.00678627863074401
1744507481.4531486,4.572377211252081,-0.0620631326683329,0.0,-1.0259259024937103e-07,-1.9163808492926095e-06,0.9999769729442267,0.006786278628095521
1744507481.479988,4.603994106369694,-0.06249228442588959,0.0,-1.0264849581406778e-07,-1.924609863016641e-06,0.9999769729442343,0.0067862786246567965
1744507481.5000098,4.635700765442454,-0.06292265459387265,0.0,-1.0270420303223768e-07,-1.9328388782664835e-06,0.9999769729442638,0.0067862786179454316
1744507481.5224264,4.667496957386825,-0.06335424003501477,0.0,-1.0276317622380902e-07,-1.9410678717402424e-06,0.9999769729442842,0.0067862786125918355
1744507481.5414484,4.69938245106399,-0.06378703761319625,0.0,-1.0282162867372796e-07,-1.9492968685755684e-06,0.9999769729442894,0.006786278609467519
1744507481.5671694,4.731357015285103,-0.06422104419007385,0.0,-1.0287691830844147e-07,-1.9575258865300275e-06,0.9999769729443035,0.006786278605050929
1744507481.586052,4.763420418816401,-0.06465625662589858,0.0,-1.0293340471373823e-07,-1.965754896454252e-06,0.9999769729443274,0.006786278599127805
1744507481.6103284,4.795572430384325,-0.06509267178187628,0.0,-1.029927775440036e-07,-1.9739838869682754e-06,0.9999769729443352,0.006786278595571399
1744507481.6310222,4.827812818680646,-0.0655302865193475,0.0,-1.0305030638157337e-07,-1.9822128897111683e-06,0.999976972944331,0.006786278593821062
1744507481.6537573,4.860141352367487,-0.0659690976981467,0.0,-1.0310532936176281e-07,-1.990441909280147e-06,0.9999769729443464,0.006786278589160673
1744507481.6774905,4.892557800082494,-0.06640910217688452,0.0,-1.0316271837522631e-07,-1.9986709131483526e-06,0.9999769729443705,0.006786278583202466
1744507481.6973062,4.9250619304437055,-0.0668502968153626,0.0,-1.0322207122636487e-07,-2.0068999038561597e-06,0.9999769729443755,0.006786278580007762
1744507481.7185347,4.957653512054629,-0.0672926784735663,0.0,-1.0327860090320313e-07,-2.015128913388924e-06,0.9999769729443783,0.006786278577150335
1744507481.7389512,4.990332313509255,-0.06773624400928815,0.0,-1.033337497095282e-07,-2.0233579321720297e-06,0.9999769729443952,0.006786278572198633
1744507481.7581763,5.023098103397015,-0.06818099028155168,0.0,-1.0339198776438417e-07,-2.031586930266709e-06,0.9999769729444149,0.0067862785668603605
1744507481.7831423,5.055950650307558,-0.0686269141500221,0.0,-1.0345089623052336e-07,-2.039815923834228e-06,0.9999769729444166,0.006786278564141485
1744507481.804812,5.088889722835778,-0.06907401247386519,0.0,-1.0350652923245774e-07,-2.048044939328519e-06,0.9999769729444212,0.0067862785609594375
1744507481.8251512,5.121915089586633,-0.06952228211079417,0.0,-1.0356216252028398e-07,-2.0562739548130943e-06,0.9999769729444355,0.0067862785563561154
1744507481.8483377,5.155026519179996,-0.06997171992076096,0.0,-1.0362102571597584e-07,-2.0645029485397243e-06,0.9999769729444424,0.006786278552868985
1744507481.870446,5.188223780255548,-0.07042232276447702,0.0,-1.0367913683684014e-07,-2.072731947222884e-06,0.9999769729444352,0.006786278551403524
1744507481.8924236,5.221506641477478,-0.07087408750174003,0.0,-1.0373413111392173e-07,-2.0809609668527438e-06,0.9999769729444413,0.006786278547977011
1744507481.9133117,5.254874871539272,-0.07132701099150303,0.0,-1.0379050310760179e-07,-2.0891899773577077e-06,0.9999769729444563,0.006786278543247792
1744507481.9375937,5.2883282391684725,-0.07178109009538539,0.0,-1.0384963591198295e-07,-2.0974189693079737e-06,0.9999769729444581,0.006786278540432553
1744507481.9559052,5.321866513131299,-0.07223632167564203,0.0,-1.0390673111591197e-07,-2.1056479748184117e-06,0.9999769729444519,0.006786278538809
1744507481.9795656,5.355489462237454,-0.07269270259352721,0.0,-1.0396144846082785e-07,-2.1138769963041494e-06,0.9999769729444623,0.00678627853472969
1744507481.9992337,5.389196855344731,-0.07315022971078865,0.0,-1.0401865805101802e-07,-2.1221060011747887e-06,0.9999769729444777,0.006786278529870135
1744507482.0232823,5.4229884613635795,-0.07360889989124011,0.0,-1.0407763679068321e-07,-2.1303349940980456e-06,0.9999769729444715,0.00678627852821461
1744507482.0429258,5.45686404926182,-0.07406870999998964,0.0,-1.0413366972813513e-07,-2.1385640066308136e-06,0.9999769729444643,0.006786278526687642
1744507482.0659895,5.490823388069148,-0.0745296569005909,0.0,-1.0418850478220412e-07,-2.1467930272046874e-06,0.9999769729444702,0.00678627852325047
1744507482.0866015,5.5248662468817376,-0.07499173745902862,0.0,-1.0424647388708838e-07,-2.155022026776998e-06,0.999976972944476,0.006786278519766672
1744507482.1113634,5.558992394866692,-0.07545494854299638,0.0,-1.043048831992602e-07,-2.1632510233707476e-06,0.9999769729444653,0.006786278518711318
1744507482.1288824,5.593201601266534,-0.07591928702064613,0.0,-1.0435998548234561e-07,-2.171480042153329e-06,0.9999769729444635,0.00678627851635015
1744507482.1536834,5.627493635403768,-0.07638474975936668,0.0,-1.0441528882203346e-07,-2.1797090597082424e-06,0.9999769729444751,0.00678627851201483
1744507482.1738322,5.661868266685236,-0.07685133362936504,0.0,-1.0447377422062739e-07,-2.187938055870308e-06,0.9999769729444757,0.006786278509281523
1744507482.2022183,5.696325264606548,-0.07731903550355759,0.0,-1.045312822127127e-07,-2.196167058500503e-06,0.9999769729444689,0.006786278507632437
1744507482.22457,5.730864398756485,-0.07778785225330935,0.0,-1.045857360344927e-07,-2.204396081667465e-06,0.9999769729444697,0.0067862785048029865
1744507482.2458355,5.765485438821341,-0.07825778075118067,0.0,-1.0464174576273793e-07,-2.2126250943772464e-06,0.9999769729444735,0.006786278501586967
1744507482.2703545,5.800188154589249,-0.07872881787363178,0.0,-1.0470038213212848e-07,-2.2208540892940386e-06,0.999976972944463,0.006786278500446348
1744507482.292298,5.834972315954563,-0.07920096049784857,0.0,-1.047568001213771e-07,-2.229083098951161e-06,0.9999769729444401,0.006786278501091374
1744507482.316521,5.869837692921927,-0.07967420550216248,0.0,-1.0481098289656219e-07,-2.2373121236457082e-06,0.9999769729444414,0.006786278498228174
1744507482.3365557,5.904784055610682,-0.08014854976501833,0.0,-1.0486777766802284e-07,-2.2455411310516954e-06,0.9999769729444474,0.006786278494614925
1744507482.3595445,5.939811174259041,-0.08062399016877575,0.0,-1.0492614390468816e-07,-2.2537701279658578e-06,0.9999769729444388,0.006786278493161898
1744507482.3798194,5.974918819228252,-0.08110052359715546,0.0,-1.0498145974474937e-07,-2.2619991453168258e-06,0.9999769729444351,0.006786278490993905
1744507482.4023747,6.0101067610068615,-0.08157814693313399,0.0,-1.0503577134776808e-07,-2.2702281694761764e-06,0.9999769729444443,0.006786278486879956
1744507482.4229279,6.045374770214719,-0.08205685706278364,0.0,-1.050932537064275e-07,-2.2784571722915216e-06,0.999976972944444,0.006786278484151092
1744507482.4471936,6.080722617607121,-0.08253665087639056,0.0,-1.0515095008933617e-07,-2.2866861734838627e-06,0.9999769729444319,0.0067862784831556906
1744507482.4673,6.11615007407893,-0.08301752526372554,0.0,-1.0520532867018327e-07,-2.2949151969368696e-06,0.9999769729444248,0.006786278481436437
1744507482.4866335,6.151656910668577,-0.08349947711570505,0.0,-1.0526011474342686e-07,-2.3031442177334715e-06,0.999976972944428,0.006786278478172014
1744507482.5101185,6.187242898562142,-0.08398250332707952,0.0,-1.053180278628739e-07,-2.311373217507811e-06,0.9999769729444213,0.006786278476359283
1744507482.533694,6.222907809097252,-0.08446660079550733,0.0,-1.0537474963159677e-07,-2.3196022251968662e-06,0.9999769729444066,0.006786278475719587
1744507482.55365,6.258651413767133,-0.08495176641869837,0.0,-1.054285007185034e-07,-2.327831252922599e-06,0.9999769729444068,0.006786278472877703
1744507482.5771472,6.294473484224562,-0.08543799709622428,0.0,-1.0548398674104902e-07,-2.3360602691702995e-06,0.999976972944419,0.0067862784682288626
1744507482.5969915,6.330373792285591,-0.08592528973085226,0.0,-1.0554196161223667e-07,-2.344289268680855e-06,0.9999769729444107,0.006786278466625072
1744507482.6212246,6.3663521099336196,-0.08641364122896299,0.0,-1.0559755526218428e-07,-2.3525182839771913e-06,0.9999769729443967,0.006786278465853928
1744507482.642117,6.402408209323232,-0.0869030484969123,0.0,-1.0565107461754025e-07,-2.3607473131630264e-06,0.9999769729443977,0.006786278462831304
1744507482.6653275,6.438541862783938,-0.08739350844370095,0.0,-1.0570732293300733e-07,-2.3689763241110327e-06,0.9999769729443998,0.006786278459648813
1744507482.685795,6.474752842823998,-0.08788501798267569,0.0,-1.0576494703751537e-07,-2.377205325769771e-06,0.9999769729443858,0.006786278458828598
1744507482.7095447,6.511040922134162,-0.08837757402896176,0.0,-1.0581943871326327e-07,-2.385434348415221e-06,0.9999769729443746,0.006786278457618928
1744507482.728084,6.5474058735914875,-0.08887117349830635,0.0,-1.0587313361280219e-07,-2.393663376484443e-06,0.9999769729443776,0.006786278454278122
1744507482.7520676,6.583847470263026,-0.0893658133103175,0.0,-1.0593003165272677e-07,-2.4018923830743083e-06,0.9999769729443749,0.006786278451758639
1744507482.7772226,6.620365485409424,-0.08986149038864562,0.0,-1.0598692640441807e-07,-2.410121389574923e-06,0.9999769729443572,0.00678627845143535
1744507482.797906,6.656959692488658,-0.0903582016581854,0.0,-1.0604051719164218e-07,-2.4183504182045783e-06,0.9999769729443471,0.006786278449989874
1744507482.819366,6.693629865159665,-0.09085594404545239,0.0,-1.0609473034881293e-07,-2.426579442720703e-06,0.9999769729443491,0.006786278446768969
1744507482.8399622,6.730375777285856,-0.09135471448140087,0.0,-1.0615201219350715e-07,-2.43480844663217e-06,0.9999769729443396,0.0067862784452160235
1744507482.8623881,6.7671972029387355,-0.09185450990086914,0.0,-1.0620790454668661e-07,-2.4430374598120583e-06,0.9999769729443235,0.006786278444610077
1744507482.8857725,6.8040939164015,-0.09235532723904048,0.0,-1.0626093350282599e-07,-2.45126649228111e-06,0.9999769729443195,0.006786278442238918
1744507482.9126177,6.841065692172535,-0.09285716343435704,0.0,-1.0631587968306199e-07,-2.4594955119774966e-06,0.9999769729443257,0.006786278438353672
1744507482.9318597,6.8781123049687825,-0.09336001542898908,0.0,-1.0637317699243617e-07,-2.4677245158288202e-06,0.9999769729443092,0.006786278437820778
1744507482.9553196,6.9152335297292815,-0.09386388016936655,0.0,-1.064279518415255e-07,-2.4759535363468254e-06,0.9999769729442857,0.006786278438271739
1744507482.979534,6.952429141618578,-0.09436875460288499,0.0,-1.0648083371123644e-07,-2.4841825695699706e-06,0.9999769729442788,0.0067862784362589515
1744507483.0012603,6.989698916030241,-0.09487463568013998,0.0,-1.0653656088423944e-07,-2.4924115837766825e-06,0.9999769729442721,0.006786278434221517
1744507483.0232255,7.027042628590064,-0.09538152035689827,0.0,-1.0659347357506698e-07,-2.5006405900069566e-06,0.9999769729442507,0.006786278434356962
1744507483.0436182,7.064460055159467,-0.09588940559127446,0.0,-1.066471971115564e-07,-2.50886961764533e-06,0.9999769729442346,0.006786278433692176
1744507483.0667665,7.101950971838862,-0.09639828834228857,0.0,-1.067003464467748e-07,-2.517098649216151e-06,0.9999769729442285,0.006786278431554602
1744507483.0890276,7.139515154970863,-0.09690816557463157,0.0,-1.0675672887377435e-07,-2.525327659028312e-06,0.9999769729442181,0.006786278430028081
1744507483.113764,7.177152381143621,-0.0974190342564591,0.0,-1.0681290238528456e-07,-2.5335566701006944e-06,0.9999769729441872,0.00678627843149776
1744507483.1342843,7.214862427194027,-0.09793089135899913,0.0,-1.0686581199588974e-07,-2.541785702949527e-06,0.9999769729441657,0.006786278431604561
1744507483.1579618,7.252645070210849,-0.09844373385558183,0.0,-1.0691956784100067e-07,-2.5500147302519965e-06,0.9999769729441597,0.0067862784294061475
1744507483.177388,7.290500087537982,-0.09895755872421802,0.0,-1.0697633222343569e-07,-2.558243737448307e-06,0.9999769729441425,0.0067862784288335075
1744507483.1999657,7.328427256777622,-0.09947236294747659,0.0,-1.0703152674560544e-07,-2.5664727551294926e-06,0.9999769729441185,0.006786278429274921
1744507483.2192788,7.366426355793358,-0.09998814350912504,0.0,-1.0708398938668647e-07,-2.5747017911960847e-06,0.9999769729441065,0.006786278427904493
1744507483.2429686,7.404497162713275,-0.10050489739661747,0.0,-1.0713855469979169e-07,-2.582930813172619e-06,0.9999769729440993,0.006786278425836641
1744507483.2617342,7.442639455932983,-0.10102262160334918,0.0,-1.0719533459466867e-07,-2.591159820206394e-06,0.9999769729440804,0.006786278425466501
1744507483.2864535,7.4808530141185265,-0.101541313125769,0.0,-1.0724947330835203e-07,-2.5993888449674232e-06,0.9999769729440621,0.006786278425052618
1744507483.3061984,7.519137616209706,-0.10206096896152428,0.0,-1.0730192001065831e-07,-2.6076178811910404e-06,0.9999769729440535,0.006786278423138638
1744507483.3324153,7.557493041422903,-0.10258158611349301,0.0,-1.0735732705757985e-07,-2.615846897453818e-06,0.9999769729440413,0.006786278421758886
1744507483.3525138,7.595919069253921,-0.10310316159065419,0.0,-1.0741373519683994e-07,-2.624075906885851e-06,0.9999769729440205,0.0067862784216665166
1744507483.3789625,7.634415479481082,-0.10362569240349118,0.0,-1.0746692238541753e-07,-2.632304937978643e-06,0.9999769729440025,0.006786278421130069
1744507483.4010124,7.672982052168094,-0.10414917556550587,0.0,-1.0751977123184466e-07,-2.640533971477153e-06,0.9999769729439999,0.006786278418327263
1744507483.4242797,7.711618567666853,-0.10467360809513339,0.0,-1.0757587947156595e-07,-2.6487629831190586e-06,0.9999769729439881,0.0067862784168324945
1744507483.4464731,7.750324806620293,-0.10519898701633112,0.0,-1.0763158443891866e-07,-2.656991997309871e-06,0.9999769729439625,0.006786278417393811
1744507483.467076,7.789100549965318,-0.10572530935542128,0.0,-1.0768409006784808e-07,-2.6652210329148697e-06,0.9999769729439472,0.0067862784164357095
1744507483.493205,7.827945578935441,-0.10625257214157617,0.0,-1.077376719866444e-07,-2.6734500613800822e-06,0.9999769729439408,0.006786278414118283
1744507483.5183558,7.866859675063613,-0.10678077240980961,0.0,-1.0779419871070932e-07,-2.681679070014107e-06,0.9999769729439175,0.006786278414319007
1744507483.5427365,7.905842620185043,-0.10730990720000885,0.0,-1.0784899147654833e-07,-2.689908090099241e-06,0.9999769729438811,0.006786278416404846
1744507483.5625446,7.944894196439789,-0.10783997355485832,0.0,-1.0790120499246764e-07,-2.6981371274390555e-06,0.9999769729438626,0.006786278415892379
1744507483.5862787,7.984014186275493,-0.10837096852073427,0.0,-1.0795570620311332e-07,-2.706366149621605e-06,0.9999769729438562,0.006786278413542757
1744507483.6071563,8.023202372449962,-0.10890288914915489,0.0,-1.0801228418757092e-07,-2.7145951579665217e-06,0.9999769729438321,0.006786278413817642
1744507483.6316452,8.062458538033864,-0.10943573249658793,0.0,-1.0806612201492918e-07,-2.722824184603774e-06,0.9999769729438064,0.006786278414299913
1744507483.6516664,8.101782466413368,-0.10996949562180228,0.0,-1.0811848405532615e-07,-2.73105322117258e-06,0.9999769729437991,0.006786278412063087
1744507483.670763,8.141173941292717,-0.11050417558827048,0.0,-1.0817391592897324e-07,-2.7392822372155263e-06,0.9999769729437907,0.006786278409979689
1744507483.6936498,8.18063274669665,-0.11103976946595333,0.0,-1.0823016712626937e-07,-2.747511247683574e-06,0.9999769729437702,0.0067862784096708335
1744507483.7146645,8.220158666973033,-0.11157627432730594,0.0,-1.082831864153086e-07,-2.7557402798584347e-06,0.9999769729437511,0.006786278409182125
1744507483.7341933,8.259751486795425,-0.11211368724857286,0.0,-1.083361109910769e-07,-2.763969312694254e-06,0.9999769729437457,0.006786278406607576
1744507483.7537777,8.299410991165402,-0.11265200531140787,0.0,-1.0839231278857489e-07,-2.7721983234840762e-06,0.9999769729437298,0.00678627840559441
1744507483.7776637,8.339136965415015,-0.1131912256032354,0.0,-1.084479241395039e-07,-2.7804273380472627e-06,0.9999769729436975,0.006786278406987486
1744507483.797551,8.378929195209313,-0.11373134521483245,0.0,-1.0850041975821864e-07,-2.788656373454993e-06,0.9999769729436777,0.0067862784065232
1744507483.821211,8.418787466548626,-0.11427236124069018,0.0,-1.085542215354206e-07,-2.7968854003048804e-06,0.9999769729436759,0.006786278403392665
1744507483.8414803,8.458711565770956,-0.11481427078037373,0.0,-1.0861089550373854e-07,-2.8051144079879283e-06,0.9999769729436568,0.0067862784028155845
1744507483.861354,8.498701279554298,-0.11535707093976012,0.0,-1.0866568262159235e-07,-2.8133434281970243e-06,0.99997697294363,0.006786278403361803
1744507483.88476,8.538756394919,-0.11590075882732656,0.0,-1.0871805756460028e-07,-2.8215724645575144e-06,0.9999769729436209,0.006786278401299721
1744507483.9043396,8.578876699230108,-0.1164453315558445,0.0,-1.0877289776312732e-07,-2.8298014844999623e-06,0.999976972943617,0.0067862783984101
1744507483.9244626,8.61906198019949,-0.11699078624452684,0.0,-1.0882966986966243e-07,-2.838030491404826e-06,0.999976972943594,0.006786278398362584
1744507483.9513195,8.659312025888152,-0.11753712001764804,0.0,-1.0888361645365987e-07,-2.846259517162023e-06,0.9999769729435716,0.006786278398235798
1744507483.9690108,8.699626624708468,-0.11808433000196414,0.0,-1.0893631100732112e-07,-2.854488551378242e-06,0.9999769729435654,0.006786278395677238
1744507483.9934523,8.740005565426296,-0.11863241332984037,0.0,-1.0899217188534348e-07,-2.862717564422287e-06,0.9999769729435567,0.006786278393508578
1744507484.0132155,8.780448637163085,-0.11918136713974262,0.0,-1.0904866666074428e-07,-2.8709465730886854e-06,0.9999769729435264,0.0067862783945055365
1744507484.0368752,8.82095562939822,-0.11973118857463529,0.0,-1.0910193218070291e-07,-2.879175603231848e-06,0.9999769729434997,0.006786278394929632
1744507484.0578623,8.861526331970921,-0.12028187478076637,0.0,-1.0915534590099942e-07,-2.887404632412372e-06,0.9999769729434875,0.006786278393248349
1744507484.0787504,8.90216053508241,-0.12083342291089008,0.0,-1.0921203856595539e-07,-2.8956336396437285e-06,0.9999769729434702,0.00678627839230046
1744507484.1050427,8.942858029297932,-0.12138583012316917,0.0,-1.0926795394037252e-07,-2.903862652101906e-06,0.9999769729434403,0.00678627839317352
1744507484.1241198,8.983618605548903,-0.12193909357935508,0.0,-1.0932084806663076e-07,-2.9120916848476343e-06,0.9999769729434217,0.006786278392389276
1744507484.1448593,9.02444205513484,-0.12249321044544785,0.0,-1.0937526908027372e-07,-2.920320707399905e-06,0.999976972943412,0.006786278390306768
1744507484.1673572,9.065328169725168,-0.12304817789445781,0.0,-1.0943247306862905e-07,-2.928549711172397e-06,0.9999769729433882,0.006786278390232608
1744507484.1890936,9.106276741361583,-0.12360399310470599,0.0,-1.0948764106111831e-07,-2.9367787284886375e-06,0.9999769729433583,0.006786278391069918
1744507484.2132409,9.147287562459654,-0.12416065325797297,0.0,-1.0954056946181766e-07,-2.945007760962606e-06,0.9999769729433492,0.006786278388867508
1744507484.2339873,9.18836042581082,-0.12471815554001302,0.0,-1.0959612416984326e-07,-2.953236775933879e-06,0.9999769729433369,0.0067862783870923015
1744507484.2587166,9.229495124584293,-0.12527649714538658,0.0,-1.0965345118505768e-07,-2.9614657788839e-06,0.9999769729433139,0.006786278386915115
1744507484.2793624,9.270691452328851,-0.1258356752719392,0.0,-1.0970787292656339e-07,-2.969694801290364e-06,0.9999769729432901,0.0067862783868112
1744507484.3032665,9.311949202974768,-0.12639568712090196,0.0,-1.097612645439315e-07,-2.9779238306216398e-06,0.9999769729432754,0.006786278385379267
1744507484.3234484,9.353268170835584,-0.1269565299005369,0.0,-1.0981789713771812e-07,-2.98615283810555e-06,0.9999769729432554,0.006786278384697163
1744507484.3465521,9.394648150609928,-0.12751820082610377,0.0,-1.0987496695155831e-07,-2.994381842549843e-06,0.9999769729432273,0.006786278385209186
1744507484.3678684,9.436088937383285,-0.12808069711593226,0.0,-1.0992881537080217e-07,-3.0026108687607435e-06,0.9999769729432098,0.0067862783841682655
1744507484.3905418,9.477590326629679,-0.12864401599173922,0.0,-1.099830447220405e-07,-3.0108398925392677e-06,0.9999769729431982,0.006786278382243403
1744507484.4120095,9.519152114213474,-0.12920815468377778,0.0,-1.1004053025560543e-07,-3.01906889435866e-06,0.9999769729431794,0.0067862783813434765
1744507484.4370532,9.560774096390855,-0.12977311042774503,0.0,-1.1009704447508795e-07,-3.0272979025817054e-06,0.999976972943152,0.0067862783817029615
1744507484.4562936,9.602456069811778,-0.13033888046277298,0.0,-1.1015063412714663e-07,-3.035526930484525e-06,0.9999769729431378,0.006786278380128256
1744507484.479806,9.644197831521485,-0.1309054620323676,0.0,-1.1020595311137169e-07,-3.043755946904488e-06,0.9999769729431256,0.006786278378230485
1744507484.502949,9.685999178962131,-0.13147285238769155,0.0,-1.10263941538861e-07,-3.051984945142729e-06,0.9999769729430892,0.0067862783798920065
1744507484.5237918,9.72785990997441,-0.13204104878608394,0.0,-1.1031974121743572e-07,-3.060213957726235e-06,0.9999769729430417,0.006786278383183742
1744507484.5519097,9.769779822799025,-0.1326100484889444,0.0,-1.1037347073482092e-07,-3.0684429841697723e-06,0.9999769729430166,0.006786278383167311
1744507484.5709896,9.811758716078288,-0.13317984876245734,0.0,-1.104299626440712e-07,-3.0766719923881556e-06,0.9999769729430021,0.006786278381576397
1744507484.5955997,9.853796388857788,-0.13375044687974383,0.0,-1.1048804559694083e-07,-3.0849009901433746e-06,0.9999769729429759,0.006786278381710732
1744507484.6134918,9.895892640587792,-0.13432184011860313,0.0,-1.105431420184197e-07,-3.0931300079384284e-06,0.999976972942948,0.006786278382085091
1744507484.636239,9.938047271124647,-0.13489402576113155,0.0,-1.1059742010278316e-07,-3.101359031155352e-06,0.9999769729429326,0.006786278380584769
1744507484.6577685,9.980260080732375,-0.13546700109622106,0.0,-1.1065498454232334e-07,-3.109588032168569e-06,0.9999769729429123,0.006786278379796529
1744507484.6773796,10.022530870084058,-0.13604076342021665,0.0,-1.107127722002724e-07,-3.1178170316158256e-06,0.9999769729428853,0.0067862783799999184
1744507484.7015624,10.064859440263245,-0.13661531003280067,0.0,-1.1076734475673867e-07,-3.1260460528438193e-06,0.9999769729428714,0.006786278378283774
1744507484.7220519,10.107245592765521,-0.1371906382375434,0.0,-1.1082251328260355e-07,-3.1342750702764684e-06,0.9999769729428657,0.006786278375320434
1744507484.7443643,10.1496891294996,-0.1377667453460415,0.0,-1.1088088458347837e-07,-3.142504066066733e-06,0.9999769729428449,0.006786278374575715
1744507484.7647662,10.19218985278872,-0.13834362867694233,0.0,-1.1093807820953946e-07,-3.1507330695336208e-06,0.9999769729428168,0.0067862783748825735
1744507484.7851727,10.2347475653722,-0.13892128555170663,0.0,-1.1099243996502216e-07,-3.1589620920184906e-06,0.9999769729428,0.006786278373557218
1744507484.8073478,10.277362070406564,-0.13949971329716157,0.0,-1.1104870883734844e-07,-3.1671911017370967e-06,0.9999769729427854,0.00678627837186883
1744507484.8266718,10.320033171466882,-0.14007890924851582,0.0,-1.1110750463423183e-07,-3.1754200944270198e-06,0.9999769729427579,0.00678627837209198
1744507484.849718,10.362760672548106,-0.14065887074568395,0.0,-1.1116395112777744e-07,-3.1836491027562364e-06,0.99997697294272,0.006786278373775706
1744507484.872351,10.405544378066097,-0.14123959513363102,0.0,-1.1121848842869249e-07,-3.1918781239297832e-06,0.9999769729427028,0.0067862783724596774
1744507484.8920226,10.448384092858992,-0.14182107976198594,0.0,-1.1127589435271288e-07,-3.2001071259268577e-06,0.9999769729426827,0.0067862783715497595
1744507484.915036,10.491279622188378,-0.1424033219894953,0.0,-1.113346852499514e-07,-3.2083361185604607e-06,0.9999769729426535,0.0067862783719714135
1744507484.9353845,10.534230771740416,-0.1429863191787456,0.0,-1.1139040362611903e-07,-3.2165651318847154e-06,0.99997697294263,0.006786278371545097
1744507484.9595327,10.577237347627214,-0.14357006869601818,0.0,-1.1144550115304015e-07,-3.224794149485504e-06,0.999976972942616,0.006786278369699726
1744507484.9786036,10.620299156387803,-0.1441545679154265,0.0,-1.1150389804721745e-07,-3.2330231448383745e-06,0.9999769729425925,0.006786278369240772
1744507485.0025945,10.663416004989154,-0.14473981421895715,0.0,-1.1156228525991655e-07,-3.2412521400654835e-06,0.9999769729425615,0.006786278369869365
1744507485.0236318,10.706587700827436,-0.14532580499174683,0.0,-1.116174599341042e-07,-3.2494811569513067e-06,0.9999769729425413,0.006786278368917037
1744507485.0495946,10.749814051729075,-0.14591253762335732,0.0,-1.1167342521001065e-07,-3.257710168660378e-06,0.9999769729425261,0.006786278367221101
1744507485.0665796,10.793094865951725,-0.14650000951248324,0.0,-1.117325080913384e-07,-3.2659391593532646e-06,0.9999769729425032,0.006786278366622926
1744507485.0895143,10.83642995218531,-0.14708821806348096,0.0,-1.1179019455490178e-07,-3.274168159351151e-06,0.9999769729424738,0.006786278366998615
1744507485.1095762,10.879819119553181,-0.1476771606845796,0.0,-1.118451369109184e-07,-3.2823971778269535e-06,0.9999769729424581,0.006786278365325106
1744507485.1310225,10.923262177613,-0.14826683478914168,0.0,-1.1190213859381049e-07,-3.290626182542087e-06,0.9999769729424413,0.006786278363815458
1744507485.151835,10.966758936357689,-0.14885723780022742,0.0,-1.119614965792474e-07,-3.2988551712929044e-06,0.9999769729424168,0.006786278363418675
1744507485.176267,11.01030920621642,-0.14944836714509593,0.0,-1.1201833829990197e-07,-3.3070841769385873e-06,0.9999769729423911,0.0067862783632290525
1744507485.195792,11.053912798055658,-0.15004022025524796,0.0,-1.1207342374169609e-07,-3.3153131945194265e-06,0.9999769729423809,0.006786278360733106
1744507485.218589,11.097569523179823,-0.15063279456847709,0.0,-1.121314552940359e-07,-3.3235421923374878e-06,0.9999769729423653,0.006786278358972112
1744507485.2390919,11.141279193332334,-0.151226087531478,0.0,-1.1219064384408104e-07,-3.3317711822384778e-06,0.9999769729423389,0.006786278358830229
1744507485.261658,11.185041620696573,-0.15182009659454884,0.0,-1.1224667193365637e-07,-3.3400001932995663e-06,0.9999769729423116,0.006786278358828452
1744507485.2816598,11.228856617896579,-0.1524148192131987,0.0,-1.1230226434802714e-07,-3.3482292073081317e-06,0.9999769729422966,0.006786278356963985
1744507485.305253,11.27272399799794,-0.15301025285024716,0.0,-1.1236114001064206e-07,-3.356458199256844e-06,0.9999769729422752,0.00678627835605318
1744507485.325638,11.316643574508577,-0.15360639497610065,0.0,-1.1241975894749486e-07,-3.364687192873041e-06,0.9999769729422463,0.006786278356237473
1744507485.3477294,11.360615161379789,-0.15420324306442343,0.0,-1.1247516832968357e-07,-3.372916208106885e-06,0.9999769729422233,0.006786278355536714
1744507485.3670835,11.40463857300675,-0.15480079459451443,0.0,-1.1253154628138989e-07,-3.3811452168734932e-06,0.999976972942206,0.006786278353980663
1744507485.3942378,11.448713624229308,-0.15539904705386673,0.0,-1.1259093027588782e-07,-3.38937420525503e-06,0.9999769729421736,0.006786278354650335
1744507485.414157,11.492840130332766,-0.1559979979373294,0.0,-1.1264869312351619e-07,-3.3976032044420483e-06,0.9999769729421417,0.006786278355238517
1744507485.437341,11.537017907048703,-0.1565976447422498,0.0,-1.1270380015547163e-07,-3.4058322216479857e-06,0.9999769729421242,0.0067862783537075535
1744507485.4568543,11.581246770555563,-0.15719798497201717,0.0,-1.1276109874125632e-07,-3.414061224236535e-06,0.9999769729421056,0.006786278352304709
1744507485.482735,11.625526537479363,-0.15779901613951325,0.0,-1.12820562327554e-07,-3.422290212142001e-06,0.9999769729420767,0.006786278352420835
1744507485.5014424,11.66985702489441,-0.15840073576220587,0.0,-1.128773440717203e-07,-3.4305192179972455e-06,0.999976972942046,0.006786278352785647
1744507485.5252225,11.714238050323967,-0.15900314136153426,0.0,-1.129325211814935e-07,-3.4387482346765676e-06,0.9999769729420241,0.006786278351806232
1744507485.5460138,11.758669431740676,-0.1596062304666038,0.0,-1.1299070063560663e-07,-3.446977231137095e-06,0.999976972941999,0.006786278351331509
1744507485.568846,11.80315098756743,-0.16021000061467744,0.0,-1.130497964268921e-07,-3.455206221329031e-06,0.9999769729419642,0.006786278352303598
1744507485.5888875,11.847682536678002,-0.16081444934735434,0.0,-1.131056508617856e-07,-3.4634352333426515e-06,0.9999769729419382,0.006786278351950111
1744507485.618644,11.892263898397488,-0.1614195742110614,0.0,-1.1316125062026078e-07,-3.4716642473672097e-06,0.9999769729419337,0.006786278348408803
1744507485.6370895,11.936894892502727,-0.1620253727581031,0.0,-1.1322009772214887e-07,-3.479893239638183e-06,0.9999769729419091,0.006786278347814848
1744507485.6612096,11.981575339223026,-0.16263184255100668,0.0,-1.1327843760299611e-07,-3.488122235026055e-06,0.9999769729418757,0.006786278348505614
1744507485.6830812,12.026305059240896,-0.16323898115506325,0.0,-1.1333358125603809e-07,-3.496351251803762e-06,0.9999769729418518,0.006786278347774215
1744507485.7079847,12.071083873692148,-0.1638467861407609,0.0,-1.1338986422979422e-07,-3.5045802609625774e-06,0.9999769729418314,0.00678627834653568
1744507485.728524,12.115911604166655,-0.16445525508776743,0.0,-1.1344902632803872e-07,-3.5128092507226317e-06,0.9999769729418003,0.006786278346886725
1744507485.750522,12.16078807270878,-0.16506438558234499,0.0,-1.1350634835147259e-07,-3.5210382528560167e-06,0.9999769729417716,0.006786278346847867
1744507485.7720287,12.205713101817889,-0.1656741752127737,0.0,-1.1356111404372008e-07,-3.529267272303477e-06,0.9999769729417475,0.006786278346118911
1744507485.7960982,12.250686514448626,-0.16628462157555085,0.0,-1.1361819425254795e-07,-3.537496276180207e-06,0.999976972941725,0.006786278345139939
1744507485.81438,12.295708134011488,-0.16689572227493343,0.0,-1.1367723984365657e-07,-3.5457252666123537e-06,0.9999769729416853,0.00678627834669555
1744507485.83914,12.340777784373183,-0.16750747492124235,0.0,-1.1373345187128321e-07,-3.553954275972231e-06,0.9999769729416474,0.0067862783479611735
1744507485.8582869,12.385895289857007,-0.16811987712843565,0.0,-1.1378822091039086e-07,-3.5621832951956354e-06,0.9999769729416249,0.006786278346965326
1744507485.880882,12.431060475243342,-0.1687329265177325,0.0,-1.1384603912949889e-07,-3.570412294043351e-06,0.9999769729415998,0.006786278346343173
1744507485.900491,12.476273165769907,-0.16934662071856657,0.0,-1.1390453364014277e-07,-3.5786412882595014e-06,0.9999769729415624,0.006786278347541738
1744507485.9257796,12.521533187132093,-0.16996095736533653,0.0,-1.1395972565786508e-07,-3.5868703046918135e-06,0.9999769729415359,0.0067862783470903345
1744507485.9445987,12.566840365483372,-0.17057593409580257,0.0,-1.1401485147121169e-07,-3.595099321637803e-06,0.9999769729415133,0.006786278346054519
1744507485.9689076,12.612194527435593,-0.17119154855774435,0.0,-1.1407318167131084e-07,-3.603328316968678e-06,0.9999769729414864,0.0067862783456759425
1744507485.9889393,12.657595500059276,-0.17180779840509053,0.0,-1.1413076444959377e-07,-3.611557317250718e-06,0.9999769729414502,0.006786278346649141
1744507486.0137775,12.703043110883918,-0.17242468129584895,0.0,-1.1418518728651406e-07,-3.619786338810713e-06,0.9999769729414208,0.006786278346573203
1744507486.033078,12.748537187898135,-0.1730421948940026,0.0,-1.1424092493448504e-07,-3.6280153515467205e-06,0.9999769729413966,0.006786278345744109
1744507486.0577455,12.794077559550193,-0.17366033687250546,0.0,-1.1429941268064241e-07,-3.6362443457156503e-06,0.9999769729413647,0.006786278346011667
1744507486.079222,12.839664054747935,-0.1742791049099697,0.0,-1.1435586086790526e-07,-3.6444733536278105e-06,0.999976972941331,0.006786278346565655
1744507486.099029,12.88529650285925,-0.17489849668828475,0.0,-1.1440987561527817e-07,-3.6527023779582363e-06,0.9999769729413024,0.006786278346386246
1744507486.118606,12.930974733712151,-0.1755185098972931,0.0,-1.1446633060732004e-07,-3.6609313858232248e-06,0.9999769729412736,0.006786278346169758
1744507486.142661,12.97669857759513,-0.1761391422351436,0.0,-1.1452455642498935e-07,-3.6691603816215012e-06,0.9999769729412337,0.006786278347618122
1744507486.162171,13.022467865257026,-0.17676039140537939,0.0,-1.1457982386353526e-07,-3.6773893973623074e-06,0.9999769729412018,0.006786278347860368
1744507486.1826932,13.068282427907471,-0.1773822551143726,0.0,-1.1463383147014805e-07,-3.6856184217641933e-06,0.9999769729411768,0.00678627834705925
1744507486.2050464,13.114142097217012,-0.17800473107741088,0.0,-1.1469093754966685e-07,-3.6938474252893906e-06,0.9999769729411457,0.006786278347191362
1744507486.2268074,13.16004670531712,-0.178627817017776,0.0,-1.1474849343878989e-07,-3.702076425570411e-06,0.9999769729411028,0.006786278349028295
1744507486.2468371,13.205996084800327,-0.1792515106633289,0.0,-1.1480271741251966e-07,-3.7103054482607275e-06,0.9999769729410714,0.006786278349160187
1744507486.2687929,13.251990068720534,-0.17987580974633188,0.0,-1.1485708180659822e-07,-3.7185344702494617e-06,0.9999769729410546,0.0067862783471285245
1744507486.2893949,13.298028490592996,-0.18050071200691298,0.0,-1.1491461197089138e-07,-3.7267634710522443e-06,0.999976972941025,0.006786278346987751
1744507486.3121946,13.344111184394198,-0.18112621519327876,0.0,-1.1497117679121343e-07,-3.7349924781437888e-06,0.9999769729409859,0.0067862783482096345
1744507486.3326502,13.39023798456227,-0.1817523170574618,0.0,-1.1502465140349381e-07,-3.7432215059705583e-06,0.9999769729409584,0.006786278347724922
1744507486.352269,13.436408725996897,-0.18237901535656162,0.0,-1.1507963060208213e-07,-3.7514505236844943e-06,0.9999769729409296,0.006786278347440266
1744507486.3756588,13.482623244059308,-0.18300630785802346,0.0,-1.1513723931594717e-07,-3.7596795236214047e-06,0.9999769729408943,0.00678627834806864
1744507486.3947647,13.528881374572238,-0.1836341923338104,0.0,-1.1519263893187156e-07,-3.767908538432607e-06,0.9999769729408539,0.006786278349464602
1744507486.4159575,13.575182953820198,-0.18426266656046497,0.0,-1.1524576010809099e-07,-3.7761375686280305e-06,0.9999769729408251,0.006786278349123105
1744507486.4390671,13.621527818549335,-0.1848917283216487,0.0,-1.1530145831682083e-07,-3.78436658155172e-06,0.9999769729408006,0.0067862783481554565
1744507486.4583807,13.667915805967281,-0.1855213754090565,0.0,-1.1535874711674511e-07,-3.792595583729383e-06,0.9999769729407647,0.006786278348838451
1744507486.48001,13.714346753743241,-0.18615160561981905,0.0,-1.1541298813485406e-07,-3.8008246064352223e-06,0.9999769729407342,0.006786278348722546
1744507486.5011263,13.760820500008233,-0.18678241675490043,0.0,-1.1546618071284063e-07,-3.809053636316128e-06,0.9999769729407157,0.006786278346826995
1744507486.5216684,13.80733688335457,-0.1874138066229916,0.0,-1.1552253034790533e-07,-3.817282644944714e-06,0.9999769729406871,0.00678627834643776
1744507486.544692,13.853895742836025,-0.18804577304142114,0.0,-1.1557912441729938e-07,-3.825511651696784e-06,0.999976972940645,0.006786278348007135
1744507486.5652852,13.900496917967818,-0.18867831383169356,0.0,-1.156323950298076e-07,-3.833740680704823e-06,0.9999769729406099,0.006786278348531814
1744507486.584779,13.947140248726408,-0.18931142682007682,0.0,-1.1568603539870564e-07,-3.84196970732918e-06,0.9999769729405834,0.006786278347810184
1744507486.6099687,13.993825575549401,-0.1899451098418013,0.0,-1.1574281239833528e-07,-3.850198712911132e-06,0.9999769729405511,0.00678627834787258
1744507486.629654,14.040552739335537,-0.19057936073842285,0.0,-1.1579843378654538e-07,-3.858427726230097e-06,0.9999769729405115,0.006786278349054273
1744507486.6517606,14.087321581444476,-0.19121417735531285,0.0,-1.1585107167228399e-07,-3.866656759618924e-06,0.999976972940478,0.0067862783492827535
1744507486.6728954,14.13413194369672,-0.19184955754449495,0.0,-1.1590542063864268e-07,-3.874885781477782e-06,0.9999769729404485,0.006786278348927267
1744507486.692357,14.18098366837351,-0.1924854991667317,0.0,-1.1596229018242997e-07,-3.883114786323401e-06,0.9999769729404101,0.006786278349879594
1744507486.7159529,14.22787659821657,-0.19312200008782532,0.0,-1.1601681385015816e-07,-3.891343806862645e-06,0.9999769729403646,0.006786278351897268
1744507486.7355688,14.274810576427925,-0.19375905817865044,0.0,-1.1606924695657777e-07,-3.899572841503354e-06,0.9999769729403347,0.006786278351597734
1744507486.756051,14.321785446669784,-0.19439667131634675,0.0,-1.161244051680663e-07,-3.907801857945257e-06,0.9999769729403056,0.006786278351126124
1744507486.7803037,14.368801053064319,-0.19503483738637217,0.0,-1.161809890587071e-07,-3.916030864687597e-06,0.9999769729402604,0.006786278353014126
1744507486.7999766,14.415857240193361,-0.1956735542800324,0.0,-1.1623447116019845e-07,-3.924259892251631e-06,0.9999769729402233,0.00678627835374952
1744507486.8222425,14.462953853098472,-0.19631281989200014,0.0,-1.1628714245619778e-07,-3.932488925403779e-06,0.999976972940198,0.006786278352700162
1744507486.8437545,14.510090737280487,-0.19695263212533015,0.0,-1.1634303673084755e-07,-3.940717936894481e-06,0.9999769729401684,0.00678627835230715
1744507486.8636794,14.557267738699315,-0.19759298889051935,0.0,-1.163989897458039e-07,-3.948946947922073e-06,0.999976972940126,0.0067862783537817155
1744507486.8870094,14.604484703773709,-0.19823388810274828,0.0,-1.1645166264362558e-07,-3.957175980956806e-06,0.9999769729400921,0.006786278353964233
1744507486.9068267,14.65174147938096,-0.1988753276818771,0.0,-1.1650495274714064e-07,-3.965405009905486e-06,0.9999769729400655,0.006786278353079849
1744507486.9264286,14.699037912856701,-0.19951730555656877,0.0,-1.1656135569081434e-07,-3.9736340178516954e-06,0.9999769729400285,0.00678627835372443
1744507486.9503179,14.746373851994667,-0.20015981966205826,0.0,-1.1661643635119414e-07,-3.981863034583066e-06,0.9999769729399818,0.006786278355780737
1744507486.9718888,14.793749145046242,-0.20080286793814034,0.0,-1.1666867121507785e-07,-3.99009207047025e-06,0.9999769729399515,0.0067862783554197
1744507486.9917977,14.841163640720264,-0.20144644832996042,0.0,-1.1672283331835324e-07,-3.998321093599963e-06,0.999976972939929,0.006786278353865203
1744507487.0169628,14.888617188182636,-0.20209055879099208,0.0,-1.1677941241695932e-07,-4.006550100453509e-06,0.9999769729398916,0.006786278354534207
1744507487.0364742,14.93610963705601,-0.20273519728139414,0.0,-1.168335348609151e-07,-4.014779123771532e-06,0.9999769729398555,0.006786278354991608
1744507487.056682,14.98364083741971,-0.2033803617642188,0.0,-1.1688577869434756e-07,-4.023008159738503e-06,0.9999769729398287,0.006786278354077471
1744507487.0805287,15.031210639809085,-0.2040260502103311,0.0,-1.1694089776738613e-07,-4.0312371763412355e-06,0.9999769729397989,0.006786278353583433
1744507487.099268,15.078818895215216,-0.20467226059862342,0.0,-1.1699728451309642e-07,-4.039466184229017e-06,0.9999769729397529,0.006786278355468328
1744507487.1191256,15.126465455084674,-0.20531899091371034,0.0,-1.1705054138056253e-07,-4.047695213155429e-06,0.9999769729397177,0.006786278355756312
1744507487.1452854,15.174150171319088,-0.20596623914293374,0.0,-1.1710324000321606e-07,-4.055924246017839e-06,0.999976972939691,0.006786278354771568
1744507487.16247,15.221872896274611,-0.20661400328255777,0.0,-1.1715922375462282e-07,-4.0641532567955645e-06,0.9999769729396563,0.006786278354960302
1744507487.1844966,15.269633482761721,-0.20726228133650557,0.0,-1.1721508970585407e-07,-4.0723822682061515e-06,0.9999769729396123,0.006786278356513468
1744507487.2063205,15.317431784044917,-0.2079110713126703,0.0,-1.1726774172272299e-07,-4.080611301231773e-06,0.9999769729395794,0.006786278356414437
1744507487.2262106,15.365267653842077,-0.20856037122352877,0.0,-1.1732126308443109e-07,-4.088840328505985e-06,0.9999769729395517,0.006786278355543821
1744507487.2499027,15.413140946324162,-0.20921017909082304,0.0,-1.1737786616647495e-07,-4.0970693350080785e-06,0.9999769729395139,0.006786278356119791
1744507487.2690027,15.461051516114587,-0.20986049294248582,0.0,-1.1743299139331583e-07,-4.1052983513221876e-06,0.999976972939469,0.006786278357770435
1744507487.2892907,15.508999218289102,-0.21051131081047628,0.0,-1.1748542525277049e-07,-4.113527385798169e-06,0.999976972939438,0.00678627835735966
1744507487.311313,15.556983908375138,-0.211162630732646,0.0,-1.1753999714678407e-07,-4.121756405971767e-06,0.9999769729394115,0.006786278356279661
1744507487.3309999,15.605005442351384,-0.21181445075523475,0.0,-1.1759687383749201e-07,-4.129985410623384e-06,0.99997697293937,0.006786278357362327
1744507487.351086,15.65306367664744,-0.21246676893045838,0.0,-1.1765119477000884e-07,-4.138214432314821e-06,0.999976972939328,0.006786278358555789
1744507487.375483,15.701158468143205,-0.2131195833140727,0.0,-1.1770385708067845e-07,-4.1464434652233095e-06,0.9999769729392979,0.006786278357939851
1744507487.3945336,15.749289674168423,-0.21377289196922705,0.0,-1.1775953077190946e-07,-4.154672477924999e-06,0.9999769729392669,0.006786278357485557
1744507487.4182713,15.797457152502187,-0.21442669296750927,0.0,-1.1781630606419847e-07,-4.162901483155941e-06,0.9999769729392296,0.006786278357937853
1744507487.4396696,15.845660761372601,-0.21508098438395182,0.0,-1.1786993351476052e-07,-4.17113050963626e-06,0.9999769729391946,0.006786278358067078
1744507487.4642217,15.89390035945613,-0.21573576429844815,0.0,-1.1792325297550452e-07,-4.179359538210653e-06,0.999976972939165,0.00678627835735633
1744507487.4831042,15.942175805877094,-0.21639103079959324,0.0,-1.1797989937634237e-07,-4.1875885442734225e-06,0.9999769729391287,0.006786278357630326
1744507487.5039618,15.990486960207122,-0.217046781982971,0.0,-1.1803624492274672e-07,-4.195817552205835e-06,0.9999769729390845,0.0067862783590800215
1744507487.5269125,16.038833682464624,-0.21770301594822905,0.0,-1.1808944870678798e-07,-4.204046581389321e-06,0.9999769729390555,0.0067862783582349415
1744507487.547804,16.08721583311426,-0.21835973079897972,0.0,-1.1814376090545015e-07,-4.212275603325297e-06,0.9999769729390285,0.006786278357109422
1744507487.5710282,16.135633273066468,-0.21901692464851838,0.0,-1.1820109979428572e-07,-4.220504604742504e-06,0.9999769729389878,0.006786278357992251
1744507487.5929387,16.18408586367692,-0.21967459561664546,0.0,-1.1825680031107026e-07,-4.228733617007186e-06,0.9999769729389446,0.006786278359224793
1744507487.6181676,16.232573466745844,-0.22033274182632626,0.0,-1.1830996322209834e-07,-4.236962646421261e-06,0.9999769729389173,0.006786278358131692
1744507487.639093,16.281095944517638,-0.22099136140619116,0.0,-1.1836545201724691e-07,-4.245191660339496e-06,0.999976972938889,0.00678627835714295
1744507487.6620371,16.329653159680046,-0.22165045249421414,0.0,-1.1842310868810587e-07,-4.25342065956386e-06,0.9999769729388491,0.006786278357867243
1744507487.6848044,16.37824497536376,-0.22231001323320332,0.0,-1.1847810615031865e-07,-4.261649676581715e-06,0.9999769729388093,0.006786278358567335
1744507487.7043233,16.426871255141858,-0.22297004177042132,0.0,-1.1853165571738434e-07,-4.269878703491879e-06,0.9999769729387908,0.006786278356124676
1744507487.7281413,16.475531863029,-0.22363053625809412,0.0,-1.1858832204142991e-07,-4.278107709495129e-06,0.9999769729387566,0.006786278355964365
1744507487.7469442,16.52422666348095,-0.22429149485957076,0.0,-1.1864590059201913e-07,-4.286336709154611e-06,0.9999769729387169,0.006786278356651799
1744507487.7701325,16.572955521394125,-0.22495291574017495,0.0,-1.1870030783782672e-07,-4.294565730101507e-06,0.9999769729386785,0.006786278357118748
1744507487.7909431,16.62171830210472,-0.22561479707080503,0.0,-1.1875463852304755e-07,-4.302794751602208e-06,0.9999769729386516,0.006786278355862448
1744507487.8103323,16.67051487138822,-0.22627713703013091,0.0,-1.1881230232414613e-07,-4.311023750721247e-06,0.9999769729386203,0.006786278355237186
1744507487.8326278,16.719345095458692,-0.2269399338035767,0.0,-1.1886946173488639e-07,-4.319252753225287e-06,0.9999769729385811,0.0067862783557878425
1744507487.8528986,16.768208840968224,-0.22760318557991763,0.0,-1.189235428112347e-07,-4.327481776411923e-06,0.9999769729385459,0.006786278355697029
1744507487.8758595,16.817105975006207,-0.2282668905541921,0.0,-1.1897894325477151e-07,-4.335710790741799e-06,0.9999769729385188,0.006786278354452942
1744507487.899198,16.866036365098633,-0.22893104692915994,0.0,-1.1903727814269572e-07,-4.343939785212591e-06,0.9999769729384794,0.006786278355016034
1744507487.9196262,16.914999879207585,-0.22959565291424835,0.0,-1.1909379680903309e-07,-4.352168791842225e-06,0.9999769729384401,0.006786278355497861
1744507487.9436882,16.96399638573065,-0.23026070672114338,0.0,-1.1914791768510165e-07,-4.360397814735677e-06,0.9999769729384094,0.00678627835475203
1744507487.9627495,17.0130257535,-0.2309262065687157,0.0,-1.1920451644569474e-07,-4.36862682097199e-06,0.9999769729383784,0.006786278354037284
1744507487.9829202,17.062087851781733,-0.23159215068453826,0.0,-1.1926311052679523e-07,-4.376855813659298e-06,0.9999769729383404,0.006786278354344808
1744507488.0081098,17.111182550275327,-0.2322585373004394,0.0,-1.1931892711279465e-07,-4.385084825066948e-06,0.9999769729383079,0.006786278353805031
