time,x_d,y_d,x,y,qx,qy,qz,qw
3.353340674,1.3411753880960382,0.5029068365017876,12.888954941237001,17.718300331784622,0.36069414701280705,0.32022117283642965,0.6194936210819005,0.6193430279068294
3.37342909,1.3492078458967942,0.5059183947022563,12.888947856047505,17.71755573405498,0.36069675944102647,0.32022957573509664,0.6194869785506036,0.6193438059426332
3.394838175,1.3577683417156705,0.5091279187374301,12.888940575337465,17.716804645199097,0.36069935307156864,0.32023799956086263,0.6194803027285182,0.6193446172062791
3.415639198,1.3660856637191727,0.5122462633461594,12.888933098802008,17.716047065644826,0.36070192759862324,0.3202464446559665,0.6194735930536763,0.6193454622591648
3.436285181,1.374340955326273,0.5153413435205623,12.88892542613357,17.715282995823955,0.3607044827152419,0.3202549113640587,0.6194668489589047,0.6193463416677731
3.457060316,1.382647850485585,0.5184557629533104,12.888917557021884,17.714512436172175,0.36070701811380274,0.32026340002966786,0.6194600698727837,0.6193472560027143
3.476993432,1.3906180301740005,0.5214439335167899,12.88890949115397,17.713735387129034,0.36070953348571405,0.32027191099845326,0.6194532552207181,0.6193482058376959
3.500402983,1.3999782038466386,0.5249532294904969,12.888901228214145,17.712951849138033,0.36071202852050865,0.32028044461810434,0.6194464044255472,0.6193491917489765
3.521664102,1.4084792968615025,0.5281404318359609,12.888892767883984,17.71216182264656,0.3607145029048105,0.32028900123941356,0.6194395169073807,0.6193502143155721
3.542542739,1.4168274177712217,0.5312702740077377,12.888884109842326,17.71136530810591,0.36071695632174083,0.3202975812169312,0.6194325920827313,0.6193512741201324
3.564269146,1.4255144693383388,0.5345271777726546,12.888875253765264,17.71056230597132,0.36071938845109053,0.3203061849088398,0.6194256293634265,0.6193523717499906
3.583903716,1.433365087131841,0.5374704823643691,12.88886619932613,17.70975281670188,0.36072179897019097,0.320314812676096,0.6194186281558823,0.6193535077978258
3.608556813,1.4432222451048624,0.5411660558975847,12.888856946195485,17.708936840760646,0.36072418755503377,0.32032346488127345,0.6194115878611602,0.6193546828615512
3.625602821,1.4500377938752278,0.5437212846458673,12.88884749404109,17.70811437861458,0.3607265538810431,0.3203321418877266,0.6194045078757872,0.6193558975434741
3.646665421,1.4584592695910104,0.5468785862809217,12.888837842527922,17.707285430734583,0.3607288976230898,0.32034084405951496,0.6193973875929434,0.619357152449138
3.665913753,1.4661553089167045,0.5497639063882153,12.888827991318148,17.706449997595442,0.36073121845472594,0.3203495717621443,0.619390226403391,0.6193584481864566
3.690454433,1.475967331456567,0.5534425185712264,12.888817940071105,17.7056080796759,0.360733516047041,0.3203583253637343,0.6193830236956481,0.6193597853655974
3.707109695,1.482626519850659,0.5559390991097755,12.888807688443324,17.704759677458622,0.36073579006775214,0.3203671052359878,0.6193757788553245,0.619361164599677
3.728353493,1.491120280959034,0.5591234668942704,12.888797236088477,17.703904791430187,0.36073804018102246,0.3203759117544346,0.6193684912639574,0.6193625865059004
3.749106808,1.499417894049,0.5622342887022779,12.888786582657401,17.703043422081127,0.36074026604812365,0.32038474529780087,0.6193611602979855,0.6193640517065268
3.770986281,1.50816572410091,0.5655138899373374,12.888775727798055,17.702175569905894,0.3607424673286076,0.320393606246821,0.6193537853284168,0.6193655608291334
3.792402912,1.5167284563565102,0.5687240877262771,12.888764671155531,17.701301235402887,0.3607446436813712,0.32040249498311035,0.6193463657213872,0.619367114506016
3.814978421,1.525754479481179,0.5721079646853325,12.888753412372028,17.70042041907445,0.3607467947650511,0.3204114118886997,0.6193389008393447,0.6193687133730155
3.839238207,1.5354538460328695,0.5757442679475554,12.888741951086832,17.699533121426843,0.36074892023753025,0.3204203573464829,0.6193313900422396,0.6193703580683819
3.863612576,1.5451989660583552,0.5793977119487768,12.888730286936337,17.6986393429703,0.36075101975481455,0.320429331741344,0.6193238326880847,0.6193720492322837
3.887517391,1.5547562965666188,0.5829807416491709,12.888718419553998,17.697739084218984,0.36075309296988056,0.3204383354613583,0.6193162281325996,0.6193737875072117
3.906448292,1.5623249773385834,0.5858182208653474,12.888706348570345,17.696832345691003,0.3607551395321239,0.3204473688984185,0.6193085757281165,0.6193755735390688
3.92820204,1.571022203971604,0.589078779723384,12.88869407361296,17.69591912790842,0.3607571590877222,0.3204564324479203,0.6193008748223373,0.6193774079783626
3.949850813,1.5796774139859586,0.5923235767365523,12.888681594306464,17.694999431397253,0.3607591512807411,0.3204655265076579,0.6192931247576277,0.6193792914808361
3.968524525,1.5871431523587436,0.5951224384675861,12.888668910272505,17.694073256687467,0.360761115754414,0.32047465147649595,0.6192853248712448,0.6193812247071795
3.989356446,1.5954716995337892,0.5982447533610655,12.888656021129753,17.693140604312994,0.3607630521519113,0.32048380775352037,0.6192774744964181,0.6193832083219403
4.009054336,1.603346823344347,0.6011970743634256,12.888642926493867,17.692201474811718,0.36076496011618486,0.32049299573813306,0.6192695729637282,0.6193852429921836
4.029604593,1.6115626770344154,0.6042771233212398,12.888629625977492,17.691255868725488,0.36076683928895364,0.3205022158310423,0.6192616196020613,0.6193873293866143
4.05456295,1.6215408006803478,0.6080178189230493,12.888616119190262,17.69030378660012,0.3607686893093683,0.3205114684356383,0.6192536137386363,0.6193894681756148
4.076295399,1.6302291830719753,0.6112749927298308,12.888602405738771,17.689345228985367,0.3607705098130648,0.32052075395901075,0.6192455546980812,0.6193916600321918
4.096940111,1.6384826551245106,0.614369114065156,12.88858848522658,17.688380196434977,0.3607723004321324,0.3205300728120518,0.6192374418010489,0.6193939056333221
4.118816598,1.647228525111329,0.6176478188100833,12.888574357254175,17.687408689506658,0.3607740607960342,0.3205394254085629,0.6192292743631161,0.6193962056609779
4.138679485,1.6551693462950305,0.6206247127616398,12.888560021418986,17.686430708762085,0.3607757905330084,0.3205488121638189,0.6192210516945842,0.6193985608022516
4.157882022,1.6628461318214467,0.6235026153495807,12.888545477315336,17.68544625476691,0.3607774892712176,0.32055823349334545,0.6192127731012989,0.6194009717484963
4.179869545,1.6716362501647597,0.6267978782126574,12.888530724534464,17.68445532809075,0.3607791566390272,0.3205676898125598,0.6192044378860926,0.619403439193906
4.201653911,1.6803450998914413,0.6300626641193044,12.88851576266449,17.683457929307206,0.3607807922642565,0.32057718153747194,0.619196045350097,0.6194059638342744
4.221042204,1.6880960160900766,0.6329683294947719,12.8885005912904,17.68245405899388,0.3607823957728002,0.3205867090860821,0.6191875947932167,0.6194085463666007
4.241553367,1.69629578119312,0.6360422501296323,12.888485209994048,17.68144371773232,0.3607839667873487,0.3205962728797245,0.6191790855135264,0.6194111874897382
4.262431866,1.7046423496128646,0.6391711943634889,12.888469618354149,17.680426906108067,0.36078550492692035,0.32060587334362073,0.6191705168058916,0.6194138879057576
4.283471614,1.7130533322107278,0.6423242758997207,12.888453815946251,17.67940362471064,0.36078700980746964,0.32061551090632023,0.6191618879605653,0.6194166483212833
4.304509219,1.7214634095843764,0.6454770078498785,12.88843780234272,17.678373874133555,0.36078848104328276,0.3206251859982953,0.6191531982625311,0.6194194694480615
4.323814637,1.7291809780356877,0.6483701261210242,12.888421577112744,17.67733765497432,0.36078991824842693,0.32063489905042347,0.6191444469919742,0.6194223520024286
4.34561371,1.7378953648819806,0.6516369155525491,12.888405139822286,17.676294967834412,0.36079132103748446,0.3206446504931633,0.6191356334256682,0.6194252967039211
4.366624354,1.7462945197154363,0.6547855224204854,12.8883884900341,17.67524581331932,0.3607926890251659,0.3206544407568729,0.6191267568385678,0.6194283042737423
4.386281868,1.7541527065089242,0.657731326163285,12.888371627307695,17.674190192038512,0.3607940218249918,0.3206642702731176,0.6191178165047667,0.6194313754338946
4.406470041,1.7622229816618824,0.6607566260835216,12.888354551199354,17.673128104605457,0.36079531904773904,0.3206741394762737,0.619108811697306,0.6194345109074415
4.427957744,1.7708126968394657,0.663976637563807,12.888337261262091,17.672059551637627,0.36079658030049155,0.3206840488045736,0.6190997416869352,0.6194377114197578
4.447811523,1.7787492039442903,0.6669517722656708,12.888319757045657,17.670984533756485,0.36079780518681587,0.32069399870000137,0.61909060574047,0.6194409777001177
4.470620778,1.7878671010674858,0.6703697594235702,12.888302038096532,17.669903051587482,0.36079899330800297,0.3207039896070713,0.6190814031196525,0.6194443104827432
4.4889569,1.7951968402387959,0.6731174183416504,12.888284103957876,17.66881510576011,0.36080014426473145,0.3207140219711135,0.6190721330811295,0.6194477105067395
4.510068583,1.803636043056223,0.676280965684043,12.888265954169544,17.667720696907804,0.3608012576582781,0.32072409623697057,0.619062794877608,0.6194511785149076
4.530362913,1.8117484679666456,0.6793220057518553,12.888247588268056,17.666619825668054,0.3608023330906206,0.32073421284880405,0.6190533877596021,0.6194547152520373
4.551188403,1.8200731683264388,0.6824426093493553,12.888229005786592,17.665512492682346,0.3608033701633683,0.3207443722511236,0.6190439109768449,0.6194583214635834
4.572243019,1.8284894072649691,0.6855975163325158,12.888210206254975,17.664398698596163,0.36080436847608005,0.3207545748904987,0.6190343637786241,0.6194619978954211
4.594110619,1.8372305683593868,0.6888742118783485,12.888191189199661,17.66327844405901,0.36080532762487744,0.32076482121703603,0.6190247454128492,0.6194657452948186
4.613339074,1.844916734515102,0.6917554241639082,12.888171954143731,17.662151729724393,0.36080624720211063,0.32077511168480555,0.6190150551243451,0.6194695644121138
4.634728975,1.8534668414634632,0.6949604797770917,12.888152500606875,17.661018556249825,0.36080712679729177,0.3207854467509538,0.6190052921532888,0.6194734560021886
4.65424707,1.8612686908905256,0.6978850368644627,12.88813282810537,17.65987892429685,0.36080796599882375,0.3207958268739501,0.6189954557346576,0.619477420824919
4.675279586,1.8696758398112672,0.7010364823717595,12.888112936152067,17.65873283453102,0.36080876439562365,0.32080625251187683,0.6189855450990192,0.6194814596443218
4.695774612,1.8778680915014931,0.7041073622499886,12.888092824256365,17.657580287621894,0.3608095215777638,0.32081672412167866,0.6189755594742834,0.6194855732268166
4.71733985,1.8864880727728826,0.707338565808012,12.88807249192422,17.65642128424307,0.3608102371357767,0.3208272421597907,0.6189654980875205,0.6194897623394878
4.739561863,1.8953705191000825,0.7106681421058961,12.888051938658112,17.655255825072167,0.36081091065897164,0.3208378070838218,0.6189553601658625,0.6194940277492879
4.759571714,1.9033686823957157,0.7136662349628892,12.888031163957042,17.6540839107908,0.36081154173366076,0.3208484193544052,0.6189451449360214,0.6194983702235913
4.780034329,1.9115477701287298,0.7167321362791111,12.88801016731651,17.652905542084632,0.36081212994224593,0.32085907943621716,0.61893485162266,0.6195027905318253
4.802012387,1.9203325367350743,0.7200250620792827,12.887988948228529,17.65172071964333,0.3608126748636883,0.32086978779759096,0.6189244794464832,0.6195072894472989
4.821692534,1.928198763637506,0.7229736672391619,12.887967506181576,17.650529444160597,0.3608131760751355,0.3208805449088904,0.6189140276230812,0.6195118677482481
4.842226542,1.936406230957643,0.7260501734488792,12.887945840660596,17.649331716334178,0.36081363315386966,0.3208913512404941,0.618903495363193,0.6195165262174827
4.862949372,1.9446891176766532,0.7291549388630566,12.887923951146963,17.648127536865818,0.36081404567853587,0.32090220726145025,0.6188928818742606,0.6195212656408086
4.884695447,1.953380936542785,0.7324129766778572,12.88790183711849,17.64691690646131,0.36081441322899094,0.3209131134395294,0.618882186362505,0.6195260868050126
4.906153246,1.9619574747014503,0.7356277904918285,12.887879498049395,17.64569982583048,0.3608147353848334,0.3209240702426633,0.6188714080344158,0.6195309904964839
4.925000502,1.969490548670605,0.7384514640431864,12.887856933410303,17.64447629568716,0.36081501172339003,0.3209350781410102,0.6188605460968565,0.6195359775012054
4.945624958,1.97773390173583,0.7415413655301186,12.887834142668238,17.643246316749252,0.36081524181824776,0.3209461376085346,0.6188495997557242,0.6195410486061299
4.967752845,1.9865780986539527,0.7448564719966997,12.887811125286596,17.642009889738677,0.36081542523913973,0.32095724912322265,0.6188385682138688,0.6195462046012076
4.987232088,1.9943636192972152,0.7477747396394797,12.88778788072513,17.640767015381375,0.36081556155328287,0.32096841316578695,0.6188274506693953,0.619551446280971
5.008938159,2.0030391079874845,0.7510265843580446,12.887764408439953,17.639517694407353,0.36081565032749024,0.3209796302175106,0.6188162463152959,0.619556774444786
5.030111418,2.0115015840330717,0.7541985729902692,12.887740707883486,17.63826192755062,0.3608156911299375,0.32099090075836245,0.6188049543406489,0.6195621898955971
5.049855404,2.019392759767677,0.7571564102401148,12.887716778504469,17.63699971554924,0.36081568353063903,0.3210022252664028,0.6187935739327959,0.6195676934377817
5.071286312,2.027958098864336,0.7603669310707651,12.88769261974793,17.635731059145332,0.3608156271003507,0.3210136042188106,0.6187821042793586,0.6195732858752371
5.091165942,2.035903381912738,0.7633450268738191,12.887668231055189,17.63445595908506,0.36081552140847084,0.321025038094006,0.6187705445690247,0.6195789680107192
5.112213246,2.0443152925955883,0.7664980148353093,12.887643611863831,17.6331744161186,0.36081536602104997,0.32103652737374094,0.6187588939906691,0.6195847406467893
5.133664903,2.052888750145812,0.769711541891669,12.887618761607708,17.631886431000186,0.3608151604999925,0.32104807254402384,0.61874715173127,0.6195906045878784
5.153526829,2.060826795360357,0.7726868905660768,12.887593679716916,17.630592004488093,0.3608149044039093,0.3210596740943428,0.6187353169737294,0.6195965606423672
5.175245724,2.069506939848358,0.7759403813089546,12.887568365617778,17.62929113734465,0.3608145972902047,0.32107133251557185,0.6187233888957824,0.6196026096235399
5.196453867,2.077982897587347,0.7791173260760865,12.887542818732827,17.627983830336213,0.3608142387173063,0.3210830482976405,0.6187113666706218,0.6196087523488651
5.218914564,2.086959380593656,0.7824818631498618,12.887517038480778,17.6266700842332,0.36081382824584807,0.3210948219282132,0.6186992494689498,0.6196149896379386
5.24047284,2.095575145046328,0.7857111834591269,12.887491024276532,17.625349899810075,0.3608133654381619,0.3211066538930927,0.6186870364613901,0.6196213223101602
5.261230244,2.103870782125993,0.7888205027029798,12.88746477553114,17.62402327784536,0.3608128498563286,0.3211185446781537,0.6186747268199909,0.6196277511833606
5.283256812,2.1126735735145745,0.7921198969900949,12.887438291651815,17.622690219121623,0.3608122810598203,0.3211304947717782,0.6186623197180031,0.6196342770741314
5.305182792,2.121436100335456,0.7954041858742184,12.887411572041904,17.621350724425458,0.36081165860400594,0.3211425046664866,0.6186498143280356,0.6196409007996884
5.323738515,2.1288516823353465,0.7981836146571455,12.887384616100887,17.620004794547533,0.3608109820403594,0.3211545748588413,0.6186372098195766,0.6196476231802698
5.343804391,2.1368707268724987,0.801189215643487,12.887357423224355,17.618652430282555,0.36081025091829094,0.32116670584764206,0.6186245053572081,0.6196544450407855
5.365086012,2.145375566589467,0.8043768837868055,12.88732999280398,17.6172936324293,0.3608094647876708,0.32117889813133493,0.6186117001005261,0.6196613672107638
5.385106613,2.1533764042381236,0.807375636763148,12.887302324227507,17.615928401790576,0.36080862320069435,0.3211911522059999,0.6185987932058499,0.6196683905225987
5.405651321,2.161586633464712,0.8104528586047578,12.887274416878741,17.614556739173267,0.36080772571209047,0.3212034685650111,0.6185857838288628,0.6196755158089646
5.424968733,2.1693063482632122,0.8133462227307343,12.887246270137513,17.61317864538831,0.36080677187752314,0.3212158477005694,0.6185726711267931,0.6196827439007716
5.446837627,2.1780456357328304,0.8166217114807791,12.887217883379698,17.61179412125069,0.36080576125102876,0.3212282901063192,0.6185594542589813,0.619690075626734
5.468959403,2.186885912543147,0.819935036765932,12.887189255977177,17.610403167579438,0.36080469338284765,0.3212407962796431,0.6185461323854915,0.6196975118148208
5.488704681,2.1947764383143333,0.8228923842789848,12.88716038729785,17.60900578519766,0.3608035678188386,0.321253366722393,0.6185327046645217,0.619705053294804
5.509691773,2.2031631525816913,0.8260356892142959,12.887131276705599,17.6076019749325,0.36080238410182497,0.3212660019396182,0.6185191702499692,0.6197127009005562
5.530806914,2.211600974215176,0.8291981357468959,12.887101923560284,17.606191737615173,0.36080114177419675,0.3212787024369252,0.6185055282905055,0.6197204554708231
5.549634182,2.2191244856910384,0.8320178929138161,12.887072327217714,17.60477507408096,0.3607998403804015,0.32129146871785946,0.6184917779306874,0.6197283178480185
5.571448976,2.2278417710370704,0.8352850545216786,12.887042487029627,17.603351985169184,0.3607984794679872,0.321304301282701,0.6184779183135621,0.6197362888756367
5.590603204,2.2354958268509044,0.8381537152806505,12.887012402343673,17.60192247172323,0.36079705858662303,0.3213172006293364,0.61846394858342,0.6197443693956182
5.611685252,2.243920181496061,0.8413110632473472,12.886982072503418,17.60048653459058,0.3607955772855963,0.32133016725577146,0.6184498678872145,0.6197525602470861
5.632620157,2.2522856748588977,0.8444463373757942,12.886951496848312,17.599044174622723,0.36079403511111324,0.32134320166293845,0.6184356753738871,0.6197608622671303
5.652709187,2.2603131010023416,0.8474548959336163,12.8869206747137,17.597595392675235,0.36079243160487257,0.3213563043562845,0.6184213701919369,0.6197692762932363
5.673297197,2.268539855246718,0.8505381468812637,12.886889605430802,17.596140189607752,0.36079076630470736,0.32136947584524733,0.6184069514865279,0.6197778031660638
5.692507901,2.276216196869144,0.8534151006014004,12.886858288326678,17.594678566283978,0.36078903874700696,0.3213827166408416,0.6183924183977068,0.6197864437310635
5.71398109,2.2847965337422727,0.8566308419272092,12.886826722724239,17.59321052357166,0.3607872484696546,0.32139602725261723,0.61837777006073,0.6197951988380113
5.736284004,2.2937083438359025,0.859970797824224,12.886794907942184,17.591736062342626,0.36078539501391726,0.3214094081865963,0.6183630056083854,0.6198040693386561
5.754977425,2.3011778145820956,0.8627701839009924,12.886762843295013,17.590255183472777,0.36078347792425713,0.3214228599453142,0.6183481241741213,0.6198130560836851
5.775605639,2.3094203253742065,0.865859275024683,12.886730528093013,17.588767887842053,0.3607814967461362,0.32143638302997424,0.618333124894325,0.6198221599206054
5.796083213,2.317602582039632,0.8689257712495702,12.886697961642236,17.587274176334475,0.36077945102295933,0.321449977943579,0.6183180069085313,0.6198313816936877
5.815388774,2.3253164786587783,0.871816726333896,12.886665143244494,17.585774049838122,0.3607773402937956,0.3214636451933775,0.6183027693574249,0.6198407222460139
5.836281702,2.3336645748401934,0.874945348681617,12.886632072197374,17.58426750924514,0.3607751640931282,0.32147738529127157,0.618287411379687,0.6198501824225507
5.855652535,2.341404435917423,0.8778460100061336,12.88659874779417,17.582754555451743,0.3607729219528088,0.321491198751925,0.6182719321093761,0.6198597630726015
5.87575509,2.3494366063085086,0.8808562073018823,12.886565169323905,17.581235189358193,0.3607706134052195,0.32150508608953215,0.618256330675282,0.6198694650502803
5.897300443,2.358045193135334,0.8840824125683111,12.88653133607129,17.579709411868844,0.36076823798597085,0.3215190478149552,0.6182406062026531,0.6198792892126971
5.918820249,2.366643502560701,0.8873047514558083,12.886497247316699,17.5781772238921,0.3607657952346818,0.32153308443476136,0.6182247578164229,0.6198892364167823
5.939685064,2.374980041201457,0.8904289738801189,12.886462902336175,17.57663862634045,0.36076328469340374,0.32154719645270163,0.6182087846442496,0.6198993075164012
5.960052142,2.3831176451603002,0.8934786295676986,12.886428300401402,17.575093620130424,0.3607607059034993,0.32156138437286513,0.6181926858177327,0.6199095033613159
5.980782237,2.391400226484729,0.8965826033894002,12.886393440779706,17.573542206182644,0.3607580584026437,0.32157564870282956,0.6181764604711566,0.6199198247985475
6.002497526,2.400076365444531,0.8998340516813602,12.886358322734047,17.57198438542179,0.36075534172357726,0.3215899899550933,0.6181601077383853,0.6199302726754484
6.022692524,2.4081450214721465,0.9028578274600239,12.886322945523006,17.570420158776596,0.36075255539532364,0.32160440864597256,0.6181436267495892,0.6199408478428267
6.041921753,2.4158277582943546,0.9057369654426997,12.886287308400748,17.568849527179864,0.36074969894627273,0.32161890529250087,0.6181270166295678,0.619951551156425
6.064312571,2.424773586354636,0.9090894369792354,12.886251410617026,17.567272491568517,0.36074677190751897,0.3216334804089451,0.6181102764986354,0.6199623834758957
6.086163703,2.4335037180661954,0.9123610599360918,12.886215251417127,17.565689052883474,0.3607437738146595,0.32164813450480545,0.61809340547565,0.6199733456617712
6.106429643,2.441600455260523,0.9153953038280846,12.886178830041883,17.564099212069742,0.36074070420707305,0.3216628680853826,0.618076402681624,0.6199844385719805
6.127766769,2.450125088021292,0.9185898865021672,12.886142145727648,17.562502970076427,0.36073756262502277,0.32167768165465854,0.618059267241994,0.6199956630597762
6.147095212,2.457847147854487,0.9214836941744885,12.886105197706295,17.560900327856693,0.3607343486061104,0.3216925757189583,0.6180419982863253,0.6200070199741881
6.167627087,2.4660499359948083,0.9245576390612326,12.886067985205207,17.559291286367767,0.36073106168298985,0.32170755078944124,0.6180245949455835,0.620018510162777
6.188777074,2.4744995994631434,0.9277240842897759,12.88603050744727,17.557675846570945,0.360727701383593,0.32172260738203506,0.6180070563484066,0.6200301344752459
6.209317495,2.4827056664858,0.9307992293463317,12.88599276365085,17.556054009431577,0.3607242672338103,0.3217377460148032,0.6179893816183897,0.6200418937659493
6.231178125,2.491439094210151,0.9340719822335034,12.885954753029765,17.554425775919107,0.36072075876122883,0.3217529672040968,0.6179715698738758,0.6200537888939154
6.250263296,2.499063650307797,0.936929184920062,12.885916474793273,17.552791147007028,0.3607171754979496,0.32176827146153364,0.617953620230423,0.6200658207203105
6.273983139,2.5085396840075616,0.9404801874834159,12.885877928146046,17.55115012367294,0.3607135169809558,0.32178365929342834,0.6179355318046876,0.6200779901046467
6.292471578,2.515925718795529,0.943247980849585,12.885839112288153,17.54950270689847,0.36070978274980986,0.32179913120301573,0.6179173037176742,0.6200902979017242
6.312659843,2.523990762320963,0.9462702081474647,12.885800026415057,17.547848897669333,0.3607059723428772,0.3218146876942984,0.6178989350956048,0.620102744960961
6.333113122,2.5321616095902275,0.9493320692890586,12.885760669717618,17.546188696975328,0.3607020852940966,0.32183032927546945,0.6178804250679204,0.6201153321284834
6.353088641,2.540141531855228,0.9523223713030164,12.88572104138208,17.544522105810305,0.3606981211320615,0.3218460564600379,0.6178617727634523,0.6201280602508863
6.373982581,2.548488280213849,0.9554501187526266,12.885681140590057,17.542849125172193,0.3606940793819551,0.321861869765002,0.6178429773068231,0.6201409301786338
6.394105344,2.556526890103713,0.9584623843587421,12.885640966518487,17.54116975606299,0.360689959569359,0.3218777697069819,0.6178240378170281,0.6201539427672589
6.416052986,2.565294424257183,0.9617477799389883,12.88560051833966,17.53948399948876,0.360685761223928,0.32189375679835275,0.6178049534090274,0.6201670988756401
6.437884683,2.5740155628237575,0.9650157734713793,12.88555979522114,17.53779185645964,0.36068148388096233,0.3219098315454465,0.6177857231975703,0.6201803993622054
6.457904554,2.5820128597143746,0.968012513781029,12.885518796325767,17.536093327989864,0.3606771270799928,0.3219259944498171,0.6177663463012386,0.6201938450810659
6.477718813,2.589927955986794,0.9709784381800212,12.885477520811673,17.534388415097702,0.36067269036110366,0.3219422460119318,0.6177468218445697,0.6202074368801214
6.497280952,2.5977422753899058,0.9739065862566466,12.885435967832255,17.532677118805523,0.36066817326093187,0.32195858673533834,0.6177271489570897,0.6202211756021812
6.518143653,2.606076048996169,0.9770293671739125,12.885394136536174,17.530959440139753,0.36066357531050314,0.3219750171290618,0.6177073267697505,0.6202350620885231
6.539469968,2.614594941906433,0.9802214990320304,12.885352026067356,17.52923538013088,0.36065889603610757,0.32199153770689865,0.6176873544106466,0.6202490971830104
6.558290877,2.6221129758555506,0.9830385836309543,12.885309635564946,17.527504939813483,0.36065413496280146,0.322008148983926,0.6176672310023341,0.6202632817345295
6.579337511,2.630520007826791,0.9861887700643339,12.885266964163312,17.525768120226196,0.3606492916187101,0.32202485147204546,0.6176469556622287,0.6202776165963999
6.599248008,2.638473143715319,0.9891688632839859,12.885224010991996,17.524024922411748,0.3606443655378354,0.322041645676927,0.6176265275059395,0.620292102623001
6.621300256,2.6472817118394882,0.9924694761913766,12.8851807751757,17.522275347416915,0.36063935625984556,0.3220585320980139,0.6176059456518107,0.620306740665366
6.641307604,2.6552733921427953,0.9954639822518881,12.885137255834294,17.520519396292578,0.3606342633269191,0.3220755112316221,0.6175852092242644,0.620321531568074
6.660836342,2.6630738321762415,0.9983868161748827,12.8850934520828,17.518757070093674,0.36062908627930385,0.3220925835755017,0.6175643173541422,0.6203364761691231
6.681211176,2.671212162349095,1.0014362432994903,12.885049363031388,17.5169883698792,0.36062382465197046,0.32210974963241934,0.6175432691758181,0.6203515753028824
6.700865598,2.679062670746956,1.004377809593772,12.885004987785367,17.515213296712243,0.36061847797419455,0.32212700991080023,0.6175220638226256,0.6203668298045499
6.722621404,2.687752451577558,1.0076338329110566,12.88496032544519,17.513431851659963,0.3606130457723496,0.32214436492202086,0.6175007004230231,0.6203822405137441
6.742233046,2.6955857330848425,1.0105689149067922,12.884915375106388,17.51164403579358,0.360607527574474,0.32216181517573855,0.6174791780996183,0.6203978082752374
6.762961058,2.7038648429366083,1.0136710307924932,12.88487013585959,17.509849850188395,0.3606019229141907,0.322179361175732,0.6174574959716298,0.6204135339363819
6.783132874,2.7119217275507155,1.0166898656009693,12.88482460679045,17.5080492959238,0.36059623133187263,0.3221970034184845,0.6174356531595516,0.6204294183425197
6.804108467,2.7202995762073607,1.019828946643913,12.884778786979691,17.506242374083246,0.3605904523723782,0.32221474239531167,0.6174136487895563,0.620445462332809
6.824401669,2.728404798596278,1.022865862452903,12.884732675503049,17.504429085754264,0.3605845855805328,0.32223257859694104,0.617391481995286,0.6204616667386842
6.844440738,2.73640844822934,1.0258647054463632,12.88468627143132,17.502609432028457,0.36057863049675376,0.3222505125181084,0.6173691519160418,0.6204780323858126
6.865861851,2.7449640115984573,1.0290703255126825,12.884639573830317,17.500783414001504,0.36057258665518,0.32226854465968724,0.6173466576922989,0.6204945600985292
6.888286603,2.7539203406475754,1.0324260872431754,12.884592581760879,17.49895103277316,0.36056645358536554,0.3222866755271612,0.6173239984609366,0.6205112507043885
6.908006287,2.7617962064096684,1.0353770050050386,12.884545294278846,17.497112289447255,0.36056023081668903,0.32230490562617864,0.6173011733527538,0.6205281050363708
6.928302565,2.769902286888421,1.0384141641251063,12.884497710435037,17.495267185131684,0.3605539178831634,0.3223232354575391,0.617278181493668,0.6205451239314955
6.949147124,2.778227267951625,1.0415333241380824,12.884449829275193,17.49341572093844,0.3605475143260724,0.3223416655142679,0.6172550220090192,0.6205623082265179
6.968585223,2.7859904619404023,1.0444419820381179,12.884401649840013,17.491557897983597,0.36054101969299335,0.322360196282391,0.6172316940287353,0.6205796587529537
6.989721295,2.794431716450135,1.0476046746554013,12.884353171165102,17.48969371738729,0.3605344335336804,0.3223788282450306,0.617208196690603,0.620597176334088
7.009785009,2.8024446222554196,1.0506068618653888,12.88430439228099,17.487823180273747,0.36052775539499143,0.3223975618876591,0.6171845291398771,0.6206148617855767
7.030965795,2.810903578118889,1.0537761536552035,12.884255312213147,17.485946287771252,0.3605209848175736,0.3224163977016883,0.6171606905253906,0.6206327159193725
7.05202305,2.8193131194906362,1.0569269145765554,12.884205929981947,17.48406304101218,0.3605141213361452,0.3224353361844256,0.617136679994225,0.6206507395488781
7.072088568,2.827326520870199,1.0599292399887839,12.884156244602671,17.48217344113299,0.3605071644832737,0.3224543778353406,0.6171124966878011,0.6206689334925682
7.094048705,2.836096477197935,1.0632150009585213,12.884106255085475,17.480277489274208,0.3605001137946967,0.3224735231505886,0.6170881397415463,0.6206872985740689
7.113533431,2.8438777850667707,1.066130338397809,12.884055960435347,17.478375186580458,0.36049296881334864,0.32249277261869597,0.6170636082883786,0.6207058356185889
7.134236566,2.8521455940100937,1.0692279318843219,12.88400535965211,17.476466534200423,0.3604857290899148,0.3225121267197318,0.6170389014642297,0.6207245454475318
7.155427601,2.8606081650723576,1.0723984772801693,12.883954451730396,17.47455153328691,0.36047839417956745,0.3225315859284722,0.6170140184126772,0.6207434288741407
7.175511403,2.868628490350802,1.0754033170201898,12.883903235659657,17.472630184996767,0.360470963636585,0.3225511507198963,0.6169889582861956,0.6207624867025212
7.195501109,2.8766111655188364,1.0783940355063737,12.883851710424164,17.470702490490957,0.3604634370097162,0.32257082157409284,0.6169637202433227,0.620781719730596
7.215217517,2.8844846299925626,1.0813438228668424,12.883799875003007,17.468768450934487,0.36045581384080994,0.32259059897791975,0.61693830344321,0.6208011287554492
7.237728871,2.893474128269988,1.0847117129009392,12.883747728370071,17.466828067496483,0.36044809366750047,0.3226104834224597,0.6169127070404666,0.6208207145782066
7.257411325,2.9013338800887993,1.087656330397566,12.883695269494039,17.464881341350136,0.36044027602857365,0.32263047539756795,0.6168869301830828,0.6208404780058058
7.278223453,2.909644663934754,1.0907699083134503,12.883642497338327,17.462928273672716,0.3604323604691826,0.32265057538638725,0.6168609720146232,0.6208604198486327
7.299314321,2.91806667308678,1.0939251386524305,12.883589410861088,17.460968865645597,0.3604243465431139,0.32267078386276465,0.6168348316795739,0.6208805409152314
7.318476607,2.9257184885121847,1.096791807602022,12.883536009015174,17.45900311845425,0.3604162338108501,0.3226911012930034,0.6168085083290504,0.6209008420068399
7.339399181,2.9340731373122884,1.099921768809883,12.883482290748146,17.457031033288224,0.3604080218344147,0.3227115281410447,0.6167820011237963,0.6209213239147139
7.359025791,2.9419102165551436,1.102857813497841,12.883428255002297,17.455052611341152,0.36039971017173644,0.3227320648743443,0.6167553092328427,0.620941987421668
7.379121836,2.9499346702007005,1.1058640393418704,12.883373900714629,17.45306785381078,0.36039129837357026,0.3227527119672769,0.6167284318285097,0.6209628333070566
7.399969962,2.958259353058,1.1089827239705943,12.883319226816852,17.451076761898893,0.360382785984673,0.3227734699001796,0.6167013680803761,0.62098386235257
7.421858746,2.966999483401066,1.1122570294286087,12.88326423223538,17.44907933681142,0.3603741725486865,0.32279433915447714,0.6166741171514909,0.6210050753456874
7.443499788,2.975640601616005,1.1154942231995624,12.883208915891277,17.447075579758344,0.3603654576141537,0.3228153202064382,0.6166466781988978,0.6210264730789028
7.463436777,2.983601224341802,1.118476468515114,12.883153276700245,17.44506549195377,0.3603566407384726,0.3228364135228914,0.6166190503782866,0.6210480563450304
7.484356316,2.991954086982893,1.1216056393339762,12.88309731357259,17.443049074615885,0.36034772148762023,0.3228576195612203,0.6165912328503405,0.6210698259310623
7.505650232,3.0004563467617524,1.1247907595221014,12.88304102541324,17.44102632896699,0.3603386994317546,0.32287893877370893,0.6165632247854204,0.6210917826138087
7.525927514,3.0085526027916494,1.1278237653261873,12.882984411121722,17.438997256233474,0.3603295741389822,0.3229003716139469,0.616535025364042,0.6211139271597076
7.546952329,3.016947248087924,1.130968535564469,12.882927469592202,17.436961857645823,0.36032034517064293,0.3229219185418815,0.6165066337728559,0.6211362603289241
7.566405346,3.024714240543446,1.1338781608237887,12.882870199713473,17.43492013443862,0.36031101208065913,0.3229435800247647,0.6164780491982256,0.6211587828815991
7.588947327,3.033714469849449,1.1372497547077003,12.88281260036892,17.432872087850544,0.3603015744193732,0.32296535653342096,0.6164492708208453,0.6211814955829007
7.608782064,3.041633709159725,1.1402163795442284,12.88275467043651,17.430817719124395,0.36029203173988367,0.32298724853575983,0.6164202978143132,0.6212043992041262
7.62917384,3.0497752726424014,1.143266272342927,12.882696408788766,17.428757029507057,0.3602823836035163,0.3230092564909723,0.6163911293484985,0.6212274945191982
7.649275275,3.057800835952262,1.1462726938064927,12.882637814292725,17.426690020249524,0.36027262958148953,0.3230313808475339,0.616361764595981,0.6212507822983429
7.670032753,3.066088243572479,1.1493771861098618,12.882578885809945,17.42461669260691,0.36026276925182565,0.3230536220461247,0.6163322027381494,0.6212742633023087
7.691595712,3.0746971493434017,1.1526020938574226,12.882519622196503,17.42253704783844,0.3602528021931173,0.32307598052596465,0.616302442967693,0.621297938280216
7.711351684,3.082584544095434,1.1555567056457217,12.882460022302995,17.420451087207447,0.3602427279784603,0.3230984567311864,0.61627248448611,0.6213218079722292
7.731787974,3.090743468685811,1.1586130151882017,12.882400084974572,17.418358811981356,0.36023254617283107,0.3231210511138146,0.6162423264975092,0.6213458731156747
7.752215247,3.098898710797462,1.1616679278543107,12.882339809050897,17.416260223431724,0.360222256335373,0.323143764131678,0.6162119682020053,0.6213701344513379
7.772339937,3.1069330708540615,1.1646775416245623,12.882279193366147,17.414155322834198,0.36021185802545025,0.3231665962423026,0.6161814087922737,0.621394592726543
7.792954048,3.115162738476107,1.1677602985822682,12.882218236748958,17.412044111468575,0.3602013508092658,0.3231895478959956,0.616150647455173,0.6214192486932903
7.812616195,3.123012279369863,1.1707006469359178,12.882156938022415,17.409926590618742,0.3601907342635115,0.3232126195318216,0.6161196833776583,0.6214441031023662
7.832936479,3.1311244811422516,1.1737393679110655,12.882095296004032,17.40780276157274,0.3601800079740384,0.32323581157866693,0.6160885157538796,0.6214691566965203
7.854573786,3.1397623698499437,1.1769749848898066,12.882033309505738,17.405672625622714,0.36016917153021116,0.32325912446088834,0.6160571437896866,0.6214944102063306
7.875884184,3.1482696603642495,1.1801616624285987,12.88197097733392,17.403536184064947,0.360158224517907,0.323282558605566,0.6160255667020861,0.621519864351029
7.896895115,3.1566573115457928,1.183303506317737,12.881908298289401,17.401393438199833,0.36014716651492273,0.3233061144474795,0.6159937837138915,0.621545519843872
7.916610552,3.1645277150230404,1.1862515825914552,12.881845271167458,17.399244389331887,0.36013599709129074,0.32332979242908916,0.6159617940463832,0.6215713773992372
7.938868054,3.1734128163676245,1.1895797219067632,12.881781894757816,17.397089038769764,0.3601247158144088,0.32335359299545857,0.6159295969139071,0.6215974377376328
7.958331993,3.181182656637342,1.1924900945842156,12.88171816784458,17.39492738782625,0.36011332225630366,0.32337751658676134,0.6158971915233534,0.621623701585897
7.979351709,3.189573463331405,1.1956330462505362,12.881654089206247,17.39275943781827,0.3601018159991584,0.32340156363236566,0.6158645770788793,0.621650169672383
8.001450336,3.198394860490439,1.1989372640214357,12.881589657615638,17.390585190066897,0.3600901966361206,0.32342573454968304,0.6158317527894116,0.6216768427196553
8.022207804,3.206680798676862,1.202040896488722,12.88152487183993,17.38840464589734,0.36007846376689834,0.32345002974845355,0.6157987178749552,0.6217037214385615
8.043927595,3.215350780990474,1.205288358919266,12.881459730640652,17.38621780663894,0.36006661699044956,0.32347444963823613,0.6157654715683066,0.6217308065268714
8.063071837,3.2229925898570606,1.208150687694649,12.881394232773694,17.38402467362519,0.3600546558986634,0.3234989946350987,0.6157320131112001,0.6217580986732737
8.083126626,3.2309977807736647,1.211149108341528,12.881328376989334,17.381825248193735,0.36004258007445267,0.3235236651639008,0.6156983417468965,0.6217855985646251
8.10256105,3.2387552636972945,1.214054730842107,12.881262162032222,17.379619531686366,0.3600303890953511,0.3235484616548608,0.6156644567131683,0.6218133068925935
8.123902746,3.247273966867243,1.2172454549605995,12.881195586641335,17.377407525448994,0.3600180825407634,0.3235733845361715,0.6156303572394662,0.6218412243560942
8.143924734,3.2552658123186395,1.2202388236384845,12.881128649549964,17.375189230831737,0.3600056599990317,0.3235984342265654,0.6155960425498682,0.6218693516581418
8.164144631,3.263336569067621,1.2232617308721743,12.881061349485678,17.372964649188845,0.3599931210705196,0.32362361113182564,0.6155615118703169,0.6218976894987089
8.184254593,3.2713633606505956,1.2262681530409505,12.8809936851703,17.370733781878748,0.35998046536500616,0.3236489156471585,0.6155267644363261,0.6219262385673718
8.203715586,3.2791310388625363,1.2291775076820797,12.880925655319935,17.368496630264026,0.3599676924947239,0.32367434816423196,0.6154917994970379,0.6219549995396626
8.225556192,3.2878484232795344,1.2324425512195396,12.880857258644978,17.366253195711426,0.359954802066719,0.32369990907915086,0.6154566163134073,0.6219839730791383
8.244866765,3.295555895422354,1.2353293205789864,12.880788493850122,17.36400347959188,0.3599417936786371,0.3237255987970928,0.615421214151422,0.6220131598441135
8.266581676,3.3042229224048496,1.2385754633547423,12.880719359634382,17.36174748328046,0.3599286669202487,0.3237514177310599,0.6153855922739501,0.6220425604954867
8.28711669,3.3124189278352825,1.2416451706479728,12.880649854691054,17.359485208156443,0.35991542137997895,0.3237773662953344,0.6153497499355797,0.6220721757014603
8.307034384,3.3203684609810593,1.244622546917373,12.880579977707676,17.357216655603267,0.35990205665299607,0.3238034448970724,0.6153136863832797,0.6221020061365748
8.327331284,3.328469255776731,1.2476565576149732,12.880509727366007,17.354941827008577,0.359888572346552,0.32382965393052854,0.6152774008626052,0.6221320524754785
8.348048287,3.3367376294282347,1.25075331292507,12.88043910234201,17.35266072376418,0.3598749680796676,0.32385599377703156,0.615240892626202,0.62216231538471
8.368098116,3.344739639651103,1.2537502886688183,12.880368101305836,17.350373347266103,0.35986124347727105,0.3238824648107993,0.6152041609400707,0.6221927955168697
8.389542584,3.3532981636426684,1.2569556742098174,12.880296722921855,17.348079698914553,0.3598473981618755,0.32390906740752423,0.615167205084214,0.6222234935103246
8.40932722,3.3611941583100062,1.2599129071375614,12.880224965848678,17.34577978011393,0.3598334317472369,0.3239358019511525,0.6151300243472468,0.6222544099946786
8.430831049,3.3697761827463624,1.2631270539399269,12.880152828739162,17.343473592272822,0.35981934383744374,0.323962668835171,0.615092618017809,0.6222855455991103
8.452109978,3.3782683530333446,1.2663075277632516,12.880080310240404,17.341161136804047,0.35980513403199554,0.3239896684576357,0.6150549853773583,0.6223169009591389
8.471533622,3.3860200154377713,1.2692106497305968,12.8800074089937,17.33884241512461,0.3597908019342294,0.3240168012125201,0.6150171256982537,0.6223484767181395
8.492135109,3.3942416465984877,1.2722897636713235,12.879934123634515,17.33651742865574,0.3597763471586153,0.3240440674819832,0.6149790382482375,0.6223802735227137
8.512764809,3.4024744446019453,1.275373040238805,12.879860452792451,17.334186178822883,0.35976176933299076,0.3240714676337124,0.6149407222990024,0.6224122920143118
8.53229995,3.4102703460214623,1.278292676022869,12.87978639509124,17.331848667055706,0.3597470680944704,0.3240990020248362,0.6149021771343053,0.6224445328215433
8.552548841,3.418350996202937,1.2813189342355886,12.879711949148765,17.329504894788105,0.35973224308115315,0.32412667101037984,0.6148634020532708,0.6224769965573097
8.573407598,3.4266749295608836,1.2844362838379402,12.87963711357708,17.32715486345821,0.3597172939240274,0.32415447495178007,0.614824396367061,0.6225096838223401
8.594433536,3.4350654819028574,1.2875785621495455,12.879561886982428,17.324798574508364,0.3597022202434313,0.3241824142208721,0.6147851593906181,0.6225425952133118
8.614397596,3.4430321942149,1.2905620925435564,12.879486267965252,17.32243602938516,0.3596870216520251,0.32421048919715606,0.6147456904338667,0.6225757313312372
8.633513436,3.4506603397299274,1.293418812434348,12.879410255120154,17.32006722953941,0.35967169776276775,0.3242387002597101,0.6147059887971037,0.6226090927856075
8.654463274,3.4590202465360163,1.2965495553778235,12.87933384703586,17.31769217642621,0.3596562481976811,0.3242670477780307,0.6146660537731023,0.6226426801920104
8.673817439,3.466743323294641,1.2994417904471158,12.87925704229519,17.31531087150487,0.35964067259270927,0.32429553210669465,0.6146258846549031,0.6226764941644073
8.6939048,3.474758886340701,1.3024435409041297,12.879179839475041,17.312923316238994,0.359624970596018,0.3243241535867519,0.6145854807451687,0.6227105353061566
8.715312471,3.48330120070304,1.3056425337493935,12.879102237146384,17.310529512096437,0.3596091418605804,0.32435291255317794,0.6145448413621185,0.6227448042045601
8.735025625,3.4911672606936937,1.3085882584759514,12.879024233874315,17.30812946054932,0.35959318603496543,0.32438180934444993,0.6145039658388071,0.6227793014319134
8.755203695,3.499218744306634,1.3116034026534205,12.87894582821806,17.305723163074017,0.3595771027572548,0.32441084430911227,0.6144628535160668,0.6228140275525595
8.775893348,3.507474265850848,1.3146949355834356,12.878867018730999,17.303310621151184,0.3595608916554123,0.32444001780576803,0.6144215037328405,0.622848983132214
8.796612125,3.5157413120700474,1.3177907639451452,12.878787803960634,17.30089183626576,0.3595445523539826,0.3244693301964083,0.6143799158190697,0.622884168744576
8.817363503,3.5240212696715822,1.3208914068912787,12.878708182448577,17.29846680990695,0.35952808448360446,0.32449878183657227,0.614338089095002,0.6229195849716335
8.837029119,3.5318679103520094,1.323829764250294,12.878628152730482,17.296035543568298,0.3595114876882725,0.32452837306758797,0.6142960228773888,0.6229552323973949
8.858626152,3.540485091573051,1.3270566471893481,12.878547713336035,17.293598038747604,0.3594947616264165,0.32455810421507764,0.6142537164893205,0.6229911115983424
8.877974296,3.5482048799753754,1.3299474637478557,12.878466862788954,17.29115429694698,0.35947790596514895,0.3245879755946064,0.6142111692684816,0.6230272231356759
8.898031872,3.5562076375625473,1.3329442243616727,12.878385599607006,17.28870431967289,0.3594609203706902,0.3246179875215232,0.6141683805693786,0.6230635675535197
8.91984062,3.564908990075085,1.3362025630767813,12.878303922302045,17.28624810843605,0.3594438045000651,0.32464814031975936,0.6141253497582695,0.62310014538413
8.940691874,3.573228215848956,1.339317787854934,12.878221829380038,17.283785664751512,0.3594265579985473,0.32467843432483984,0.6140820762034467,0.6231369571573748
8.961733172,3.5816231645178367,1.3424613466098967,12.878139319341058,17.281316990138656,0.35940918050429665,0.32470886987941977,0.6140385592660346,0.623174003409443
8.980964649,3.5892959513669913,1.3453344670842413,12.878056390679243,17.278842086121173,0.3593916716577806,0.324739447323651,0.6139947982962588,0.6232112846860943
9.00129362,3.5974065132776456,1.3483714955135266,12.877973041882763,17.276360954227115,0.35937403111098987,0.32477016698548267,0.6139507926372543,0.623248801538636
9.022726868,3.605957540776414,1.3515734360681357,12.877889271433778,17.27387359598887,0.35935625853149455,0.3248010291761057,0.6139065416344658,0.6232865545146936
9.043086076,3.614079970153311,1.3546148669044833,12.877805077808446,17.27138001294317,0.3593383535991148,0.32483203419303486,0.6138620446456582,0.6233245441486679
9.063893208,3.622381002461214,1.357723154403771,12.877720459476905,17.268880206631128,0.3593203159969074,0.32486318232926187,0.6138173010461689,0.6233627709569959
9.084569616,3.6306297828353213,1.3608118553820692,12.877635414903349,17.266374178598202,0.3593021454012533,0.32489447388362513,0.6137723102265418,0.6234012354407975
9.104178967,3.6384527727897202,1.363741102584616,12.877549942546041,17.263861930394206,0.3592838414763594,0.3249259091668343,0.6137270715837164,0.6234399380945788
9.124603275,3.646600787960309,1.3667920324060239,12.877464040857317,17.26134346357334,0.3592654038761835,0.32495748849985623,0.6136815845104502,0.6234788794163696
9.145076585,3.654768254142133,1.3698502247967885,12.877377708283568,17.258818779694156,0.3592468322528385,0.3249892122054398,0.6136358483886323,0.6235180599138666
9.165268381,3.662823319246389,1.3728663099090703,12.877290943265198,17.25628788031961,0.35922812626704265,0.3250210805972383,0.613589862590142,0.6235574801032251
9.186673206,3.6713621907565677,1.3760635262379335,12.877203744236596,17.253750767017074,0.35920928559502835,0.3250530939723516,0.6135436264848759,0.6235971405010592
9.207516426,3.6796769218072436,1.3791767956293404,12.877116109626082,17.251207441358293,0.3591903099281638,0.32508525261132115,0.6134971394517288,0.6236370416138616
9.228658361,3.6881107110612654,1.3823346216878711,12.877028037855938,17.248657904919437,0.3591711989654049,0.32511755678567217,0.6134504008866682,0.6236771839304809
9.24928654,3.696339454763562,1.385415651977965,12.876939527342453,17.24610215928109,0.35915195240255415,0.3251500067690351,0.613403410203545,0.6237175679217247
9.269356959,3.7043456069758744,1.388413318504564,12.876850576495924,17.243540206028268,0.3591325699240465,0.3251826028459151,0.6133561668271109,0.6237581940473882
9.290888531,3.712934511451224,1.3916291569245396,12.876761183720728,17.240972046750393,0.3591130512017095,0.3252153453133749,0.6133086701819231,0.623799062766995
9.31250989,3.72155912093906,1.3948583405207688,12.876671347415273,17.238397683041303,0.35909339590123535,0.3252482344746434,0.6132609196830396,0.6238401745485443
9.331878402,3.7292849909128476,1.3977510025481565,12.876581065971978,17.235817116499316,0.35907360369298164,0.3252812706279898,0.6132129147335229,0.6238815298705302
9.351772122,3.7372202669229706,1.400722049117708,12.876490337777229,17.233230348727183,0.35905367426135254,0.32531445405678056,0.6131646547301773,0.6239231292160788
9.37162676,3.7451398593895866,1.403687203677066,12.87639916121133,17.230637381332134,0.3590336073077162,0.32534778502606576,0.6131161390745189,0.6239649730622677
9.392665834,3.7535317950499274,1.4068291852754453,12.876307534648511,17.22803821592585,0.35901340254521963,0.32538126378760024,0.6130673671831628,0.6240070618702909
9.414587402,3.762275621334933,1.4101028925443377,12.876215456456956,17.225432854124502,0.3589930596882088,0.325414890590685,0.6130183384920334,0.6240493960817666
9.43372329,3.769908232612709,1.4129605385595279,12.87612292499885,17.22282129754873,0.3589725784418653,0.3254486656930741,0.6129690524520786,0.6240919761232294
9.454612175,3.778239949909542,1.4160799082284268,12.876029938630397,17.22020354782366,0.3589519584976426,0.3254825893660823,0.6129195085187018,0.6241348024164732
9.474970721,3.786360035260789,1.419120022094365,12.875936495701854,17.217579606578933,0.3589311995370073,0.3255166618910849,0.6128697061405117,0.6241778753892621
9.495019821,3.7943565987119316,1.4221138693283497,12.875842594557476,17.214949475448652,0.3589103012415724,0.3255508835491876,0.61281964475344,0.6242211954806524
9.515790805,3.802640981922457,1.4252154521541343,12.875748233535493,17.212313156071463,0.35888926330425985,0.3255852546095439,0.6127693237834417,0.6242647631380036
9.535893445,3.810658700128813,1.4282171773881707,12.875653410968036,17.20967065009053,0.35886808543550486,0.32561977532256375,0.6127187426564273,0.6243085788071994
9.558573095,3.8197041122738384,1.4316036323356862,12.87555812518114,17.20702195915359,0.3588467673611265,0.32565444592172726,0.6126679008101811,0.6243526429212329
9.577861688,3.827396957162203,1.43448368723881,12.87546237449476,17.204367084912867,0.3588253088129127,0.3256892666331114,0.6126167977018867,0.6243969558932759
9.602987475,3.837417705966407,1.4382352362432442,12.875366157222818,17.201706029025157,0.35880370951689233,0.32572423768761016,0.6125654328071798,0.6244415181179862
9.622678148,3.8452706964294396,1.4411752010895074,12.875269471673244,17.199038793151807,0.35878196918556526,0.3257593593293112,0.6125138056111409,0.6244863299804426
9.645600831,3.8544125497318684,1.4445976588217717,12.875172316147996,17.196365378958724,0.3587600875182942,0.3257946318154946,0.6124619155959805,0.6245313918679942
9.665886342,3.862502557686568,1.4476263118325396,12.875074688943055,17.193685788116387,0.35873806420974236,0.32583005540816645,0.6124097622319898,0.6245767041786905
9.689268383,3.8718273579037703,1.4511172068626563,12.874976588348362,17.191000022299836,0.3587158989619051,0.3258656303615776,0.6123573449766508,0.6246222673217398
9.711673833,3.8807625647629815,1.4544622242495195,12.874878012647786,17.188308083188744,0.3586935914933261,0.3259013569123866,0.6123046632824592,0.6246680817096694
9.73354034,3.8894827230195412,1.4577267098439437,12.874778960119087,17.18560997246738,0.35867114154052154,0.3259372352777682,0.612251716609365,0.6247141477463032
9.754090355,3.8976777681078065,1.4607945907254083,12.874679429033907,17.18290569182461,0.35864854885077313,0.32597326566256907,0.6121985044351868,0.6247604658169685
9.776845357,3.9067520068115527,1.4641915788259205,12.874579417657836,17.180195242953946,0.3586258131700679,0.32600944827175704,0.6121450262583944,0.6248070362862134
9.796405076,3.9145519272400593,1.4671114974464377,12.87447892425044,17.177478627553516,0.358602934232614,0.32604578332153294,0.6120912815916915,0.6248538595043229
9.817154652,3.9228262277208463,1.4702089792252864,12.874377947065323,17.174755847326058,0.3585799117575689,0.32608227104312804,0.6120372699497394,0.6249009358192384
9.838784969,3.9314516258771532,1.4734378699987043,12.874276484350103,17.17202690397898,0.35855674545481847,0.3261189116771626,0.6119829908375597,0.6249482655875339
9.859957072,3.9398941906435803,1.4765982935816626,12.87417453434639,17.169291799224343,0.3585334350367969,0.32615570546150374,0.6119284437458509,0.6249958491785403
9.881430697,3.9484568745379165,1.4798036586506644,12.874072095289725,17.166550534778867,0.3585099802300651,0.3261926526190626,0.6118736281558002,0.6250436869693473
9.902043008,3.9566759968248335,1.4828803913128334,12.873969165409537,17.163803112363972,0.3584863807804367,0.32622975335208837,0.6118185435509156,0.6250917793332557
9.925171235,3.9658982080358416,1.48633259156481,12.873865742929148,17.16104953370575,0.35846263644883297,0.3262670078460883,0.6117631894295986,0.6251401266278125
9.944167455,3.9734727101640934,1.4891679745043902,12.873761826065778,17.158289800535023,0.35843874699999073,0.3263044162813678,0.6117075653117112,0.6251887291888516
9.965314211,3.9819046033391605,1.4923242840441016,12.873657413030616,17.155523914587302,0.35841471219001014,0.3263419788460824,0.6116516707355618,0.6252375873337839
9.983936734,3.989329909100794,1.495103777906136,12.873552502028867,17.152751877602807,0.35839053175940955,0.32637969574381487,0.6115955052468213,0.6252867013724728
10.004464908,3.9975149470743987,1.4981676385181735,12.87344709125978,17.149973691326483,0.3583662054354575,0.3264175671915544,0.6115390683852332,0.6253360716199409
10.024230751,4.005395924902434,1.5011176604316132,12.873341178916604,17.147189357508005,0.3583417329426319,0.3264555934090704,0.6114823596762261,0.625385698404111
10.045055938,4.013699172852893,1.5042257243727923,12.873234763186554,17.144398877901814,0.35831711401566574,0.3264937746052949,0.6114253786319781,0.6254355820643829
10.065010232,4.021655080970577,1.5072037503160893,12.873127842250753,17.141602254267106,0.3582923484082163,0.3265321109689954,0.6113681247614451,0.6254857229417241
10.085894008,4.029981469908803,1.5103204300741826,12.87302041428419,17.13879948836785,0.35826743589245846,0.3265706026687797,0.6113105975840568,0.6255361213655185
10.106502972,4.038198180666374,1.5133960325115603,12.872912477455758,17.13599058197282,0.3582423762497387,0.3266092498625265,0.6112527966397757,0.6255867776441822
10.126094682,4.046009214588246,1.5163197642831376,12.872804029928297,17.133175536855575,0.3582171692572161,0.3266480527112689,0.6111947214900656,0.625637692064636
10.147735548,4.05463711255411,1.5195492303172733,12.872695069858654,17.13035435479447,0.35819181467761757,0.3266870113901253,0.6111363717091688,0.6256888649009953
10.167195101,4.062395249043902,1.5224531182905272,12.872585595397718,17.127527037572644,0.3581663122576329,0.3267261260903777,0.6110777468702773,0.6257402964279092
10.18891786,4.071055564419964,1.525694669282744,12.872475604690415,17.1246935869781,0.35814066173590103,0.3267653970115005,0.6110188465339651,0.6257919869314325
10.211318281,4.079985917757611,1.5290372681223698,12.872365095875672,17.121854004803648,0.3581148628563846,0.32680482434731317,0.6109596702451129,0.6258439367115874
10.230741236,4.087729141668444,1.5319355063213234,12.872254067086338,17.11900829284696,0.3580889153800208,0.3268444082736339,0.6109002175400592,0.625896146075151
10.251284448,4.095918863794499,1.5350008431983535,12.872142516449156,17.11615645291057,0.35806281908837473,0.32688414894407847,0.6108404879602374,0.6259486153224484
10.272440852,4.104352924371881,1.5381576092561124,12.872030442084755,17.113298486801902,0.3580365737772551,0.3269240464963374,0.6107804810650442,0.6260013447351832
10.292867246,4.112495852833,1.5412053845426033,12.871917842107703,17.11043439633326,0.35801017924362316,0.3269641010656743,0.6107201964370291,0.6260543345718332
10.313998643,4.120919713323076,1.5443582840319756,12.87180471462656,17.10756418332184,0.3579836352727403,0.3270043127984699,0.6106596336765313,0.6261075850731715
10.33286455,4.1284403550498725,1.5471731039590613,12.871691057743934,17.10468784958974,0.3579569416324527,0.3270446818585587,0.6105987923885535,0.6261610964750326
10.352891069,4.136423556339864,1.5501610285777678,12.8715768695565,17.101805396963943,0.3579300980777339,0.3270852084228856,0.610537672168819,0.6262148690215691
10.373587746,4.144673792153303,1.5532488743708128,12.87146214815497,17.0989168272764,0.35790310436314765,0.3271258926687172,0.6104762725964886,0.62626890297189
10.393787378,4.152725783290333,1.5562624992581937,12.871346891624022,17.096022142363978,0.35787596025661933,0.32716673475919067,0.6104145932374985,0.6263231985964685
10.414628224,4.16103326192783,1.5593717216324352,12.871231098042253,17.093121344068518,0.35784866554714073,0.3272077348349393,0.6103526336568242,0.6263777561651572
10.436706195,4.1698337512571255,1.5626654354111262,12.871114765482151,17.090214434236845,0.357821220042223,0.32724889301634463,0.6102903934331637,0.6264325759331695
10.455091236,4.177162104295118,1.5654081593572942,12.87099789201012,17.08730141472075,0.35779362355636607,0.3272902094153046,0.6102278721681828,0.6264876581325313
10.477367135,4.186041248264406,1.568731259809298,12.87088047568657,17.08438228737702,0.3577658758966531,0.3273316841502975,0.6101650694853076,0.6265430029736347
10.496930692,4.193839146653697,1.5716496710959775,12.870762514565952,17.081457054067464,0.35773797685315994,0.3273733173566858,0.6101019850186113,0.6265986106561656
10.518488534,4.20243183426151,1.5748655119820403,12.87064400669681,17.07852571665885,0.357709926199372,0.32741510918669,0.6100386183976578,0.6266544813836284
10.538279564,4.210320182546041,1.5778177283668442,12.870524950121768,17.075588277023012,0.35768172370247375,0.32745705979895284,0.6099749692364038,0.626710615373715
10.559247667,4.218677575788617,1.5809454606175666,12.870405342877458,17.072644737036814,0.357653369138081,0.32749916934319556,0.6099110371321376,0.6267670128589226
10.580468852,4.227135720705332,1.5841108733764628,12.870285182994465,17.069695098582173,0.3576248623015533,0.32754143794815754,0.6098468216751214,0.6268236740770095
10.599833598,4.234853836918077,1.5869993121280508,12.870164468497295,17.0667393635461,0.3575962030097869,0.32758386571932346,0.6097823224638567,0.6268805992563121
10.620448533,4.243070123418182,1.59007416323324,12.870043197404375,17.06377753382069,0.35756739109243885,0.32762645274774926,0.6097175391178341,0.6269377886037546
10.642617744,4.251905753219869,1.5933807692607138,12.86992136772811,17.060809611303124,0.3575384263771853,0.32766919912536924,0.609652471280898,0.6269952423020122
10.661662505,4.259496013897763,1.5962212914309115,12.869798977474966,17.0578355978957,0.3575093086768583,0.32771210495862285,0.6095871186133313,0.6270529605174351
10.682620691,4.267848752931483,1.5993471336279934,12.869676024645514,17.054855495505805,0.35748003778537285,0.32775517037310004,0.609521480776796,0.6271109434145847
10.70348386,4.276163504440216,1.602458734589133,12.869552507234442,17.051869306045973,0.35745061348469737,0.32779839550662004,0.609455557420142,0.6271691911696581
10.722398749,4.283701690704819,1.605279702446255,12.869428423230515,17.04887703143388,0.3574210355592255,0.3278417804943708,0.6093893481736828,0.6272277039756022
10.743347408,4.2920502846703155,1.6084039198705078,12.869303770616494,17.04587867359237,0.35739130380990836,0.3278853254540019,0.6093228526550886,0.6272864820361126
10.76379383,4.3001986076798895,1.6114531671757222,12.869178547369094,17.042874234449474,0.35736141806056465,0.32792903047867245,0.6092560704838235,0.6273455255516457
10.783833004,4.3081845222811035,1.6144416147771916,12.869052751458959,17.0398637159384,0.3573313781529206,0.32797289564185667,0.6091890012964534,0.6274048347048817
10.804197033,4.316299783094056,1.6174784416787833,12.868926380850715,17.036847119997585,0.35730118393293625,0.32801692101142976,0.6091216447546094,0.6274644096534424
10.826470109,4.32517568626484,1.6207998822578604,12.868799433503042,17.03382444857067,0.35727083523567926,0.32806110666557153,0.6090540005412756,0.6275242505338169
10.846481291,4.33315009920533,1.623783952563752,12.868671907368748,17.030795703606525,0.35724033187683296,0.3281054527019615,0.6089860683472677,0.6275843574745215
10.868211856,4.341809556787354,1.6270243438588368,12.868543800394795,17.02776088705923,0.3572096736554544,0.3281499592352897,0.6089178478550855,0.6276447306114923
10.8870115,4.349300959771677,1.6298276237506146,12.868415110522271,17.024720000888152,0.3571788603665939,0.3281946263843075,0.6088493387287482,0.6277053700975099
10.907326889,4.357396255965905,1.6328568568589603,12.868285835686338,17.021673047057913,0.35714789181709433,0.3282394542552837,0.6087805406151379,0.6277662761005396
10.930717116,4.366716674073996,1.6363444964170544,12.868155973816137,17.018620027538446,0.3571167678361249,0.32828444293070813,0.6087114531562066,0.6278274487917945
10.949869417,4.3743482712499695,1.639200166159775,12.868025522834778,17.015560944304994,0.3570854882747488,0.32832959246935284,0.6086420760055988,0.6278888883298445
10.970709714,4.382652365738755,1.642307453227155,12.867894480659347,17.012495799338115,0.35705405299466586,0.32837490291776406,0.6085724088408081,0.6279505948492506
10.993601693,4.391773839893172,1.6457205637487804,12.867762845200994,17.009424594623674,0.35702246185205977,0.32842037432713056,0.6085024513642989,0.6280125684598683
11.01301469,4.39950897316951,1.6486149031795578,12.867630614365002,17.00634733215292,0.3569907146851637,0.3284660067665315,0.6084322032928877,0.6280748092572946
11.032200674,4.407153548569659,1.651475335546275,12.867497786050825,17.003264013922422,0.35695881131223356,0.32851180032543265,0.60836166434098,0.6281373173389503
11.053535883,4.415654351786494,1.6546561238055204,12.867364358152138,17.00017464193411,0.35692675154109477,0.3285577551040163,0.6082908342065735,0.62820009281725
11.074309395,4.423931228783355,1.6577530983449194,12.867230328556722,16.99707921819532,0.35689453518524183,0.3286038711964242,0.6082197125675687,0.6282631358227683
11.094073186,4.431805685017428,1.6606994743867105,12.867095695146423,16.993977744718805,0.356862162077906,0.3286501486758411,0.6081482990904162,0.6283264464956602
11.115369441,4.440290594463485,1.6638742367811945,12.866960455797082,16.990870223522748,0.3568296320765412,0.32869658758944775,0.6080765934465827,0.6283900249698209
11.136548679,4.448728753868403,1.6670314798983505,12.86682460837853,16.98775665663075,0.3567969450552365,0.32874318796602464,0.6080045953280413,0.6284538713582486
11.155987244,4.456473287909191,1.6699291706373725,12.866688150754666,16.984637046071875,0.35676410088902727,0.3287899498322425,0.6079323044534776,0.6285179857474562
11.177608024,4.465087113346784,1.6731520882263664,12.866551080783527,16.98151139388065,0.35673109943844217,0.3288368732289781,0.6078597205617862,0.6285823682040218
11.197666334,4.473078323580335,1.6761420251316907,12.866413396317371,16.97837970209707,0.35669794054256876,0.32888395821890637,0.6077868433962428,0.6286470187898657
11.218521698,4.481386957175433,1.6792507011912867,12.866275095202695,16.975241972766614,0.356664624024423,0.3289312048812322,0.6077136726877489,0.6287119375781451
11.239135242,4.489599128761308,1.6823232600733047,12.866136175280197,16.972098207940288,0.35663114970583926,0.3289786132962789,0.6076402081461263,0.6287771246612595
11.260705068,4.498192140108099,1.6855382813588873,12.865996634384695,16.968948409674603,0.3565975174239719,0.3290261835281235,0.6075664494641857,0.628842580146622
11.282077506,4.506706383696648,1.688723804261446,12.865856470345058,16.965792580031632,0.35656372704057837,0.32907391561457494,0.6074923963324904,0.6289083041423699
